# Mar Thoma Syrian Church — every parish and congregation, under its diocese.
#
# The zone column is deliberately empty. The published list has no tier
# between the diocese and the parish, and inventing one would put names in
# your console that no one in the church would recognise. Add zones later
# from Manage → Churches if your diocese actually uses them; a parish with no
# zone is a normal, supported thing here.
#
# The city is derived from the postal address, not published as its own
# field: the post-office locality for Indian parishes, the town for parishes
# abroad. 1062 of 1114 rows resolved to something; the rest are blank rather
# than guessed. A post office is not always the place the parish is named
# after, so treat the column as a starting point and correct what you notice.
# Source: the Mar Thoma parish list published at marthoma.in, as collected in
#   https://docs.google.com/spreadsheets/d/1QVPcgFuO638L673NJ5fqtwqwq_obO4lF/edit
# Converted 2026-08-29. 1114 parishes in 14 dioceses.
#
diocese,zone,church,city
ADOOR DIOCESE,,ADOOR IMMANUEL MAR THOMA CHURCH,Adoor
ADOOR DIOCESE,,AL-AIN MAR THOMA CHURCH,Al-Ain
ADOOR DIOCESE,,ANGADICKAL SALEM MAR THOMA CHURCH,Angadical North
ADOOR DIOCESE,,ANTHICHIRA ST JOHNS MAR THOMA CHURCH,Adoor
ADOOR DIOCESE,,ARINALLOOR BETHEL MAR THOMA CHURCH,Arinallur South
ADOOR DIOCESE,,ATHIRUNKAL SALEM MAR THOMA CHURCH,Athirumkal
ADOOR DIOCESE,,AYANIVELIKULANGARA BETHEL MAR THOMA CHURCH,Sv Market
ADOOR DIOCESE,,CHACHIPUNNA SALEM MAR THOMA CHURCH,Punnala
ADOOR DIOCESE,,CHARUMMOODU CHRISTHOSE MAR THOMA CHURCH,Komalloor
ADOOR DIOCESE,,CHATHANNURPUZHA SALEM MAR THOMA CHURCH,Pathanamthitta
ADOOR DIOCESE,,CHAVARA ST THOMAS MAR THOMA CHURCH,Chavara
ADOOR DIOCESE,,CHEMPANARUVI ST THOMAS MAR THOMA CHURCH,Chembanaruvi
ADOOR DIOCESE,,CHOORACODE ST MATHEWS MAR THOMA CHURCH,Choorakodu
ADOOR DIOCESE,,CHUNAKARA ST THOMAS MAR THOMA CHURCH,Komallor
ADOOR DIOCESE,,ELAMPALLIL EBENEZER MAR THOMA CHURCH,Payyanalloor
ADOOR DIOCESE,,ELIKATTOOR ZION MAR THOMA CHURCH,Elikkattoor
ADOOR DIOCESE,,ELIPPAKULAM ST THOMAS MAR THOMA CHURCH,Elippakulam
ADOOR DIOCESE,,ENATHU MAR THOMA CHURCH,Enathu
ADOOR DIOCESE,,EZHAMKULAM (ADOOR) SALEM MAR THOMA CHURCH,Chayalode
ADOOR DIOCESE,,FUJAIRAH IMMANUEL MAR THOMA CHURCH,Fujairah
ADOOR DIOCESE,,IRANIKKUDY IMMANUEL MAR THOMA CHURCH,Ayiranikudy
ADOOR DIOCESE,,KADAMPANAD IMMANUEL MAR THOMA CHURCH,Kadampanadu South
ADOOR DIOCESE,,KADAMPANAD SALEM MAR THOMA CHURCH,Kadambanad North
ADOOR DIOCESE,,KADASSERRI ST PETERS MAR THOMA CHURCH,Poonkulanji
ADOOR DIOCESE,,KAIPATTOOR BETHEL MAR THOMA CHURCH,Kaipattur
ADOOR DIOCESE,,KAIPATTOOR ST THOMAS MAR THOMA CHURCH,Kaipattur
ADOOR DIOCESE,,KALAYAPURAM SALEM MAR THOMA CHURCH,Kalyapuram
ADOOR DIOCESE,,KALLELIBHAGOM SALEM MAR THOMA CHURCH,Kallelibhagam
ADOOR DIOCESE,,KANNAMKODU MAR THOMA CHURCH,Adoor
ADOOR DIOCESE,,KAPPIL ST THOMAS MAR THOMA CHURCH,Krishnapuram
ADOOR DIOCESE,,KATTANAM ST THOMAS MAR THOMA CHURCH,Pallickal
ADOOR DIOCESE,,KAYAMKULAM SALEM MAR THOMA CHURCH,Kayamkulam H O
ADOOR DIOCESE,,KIZHAKKUPURAM BETHEL MAR THOMA CHURCH,Kaithaparambu
ADOOR DIOCESE,,KODUMON SEHION MAR THOMA CHURCH,Kodumon East
ADOOR DIOCESE,,KOLLAKA ST THOMAS MAR THOMA CHURCH,Kollaka
ADOOR DIOCESE,,KOODAL BETHEL MAR THOMA CHURCH,Koodal (Pta
ADOOR DIOCESE,,KOTTAMPALLY BETHEL MAR THOMA CHURCH,Ochira
ADOOR DIOCESE,,KOTTANALLOOR SALEM MAR THOMA CHURCH,Adoor
ADOOR DIOCESE,,KOTTARA ST PAULS MAR THOMA CHURCH,Adoor
ADOOR DIOCESE,,KOZHICODE ST THOMAS MAR THOMA CHURCH,S V Market
ADOOR DIOCESE,,KULAKKADA ST THOMAS MAR THOMA CHURCH,Kulakkada East
ADOOR DIOCESE,,KUNNATHOOR SALEM MAR THOMA CHURCH,Kunnathoor
ADOOR DIOCESE,,KUNNIDA ST THOMAS MAR THOMA CHURCH,Chelikuzhy
ADOOR DIOCESE,,KURATHICADU JERUSALEM MAR THOMA CHURCH,Thekkekara
ADOOR DIOCESE,,KURATHICADU ST THOMAS MAR THOMA CHURCH,Thekkekara
ADOOR DIOCESE,,MANNADI MAR THOMA CHURCH,Mannady
ADOOR DIOCESE,,MANNADY ST THOMAS MAR THOMA CHURCH,Mannady
ADOOR DIOCESE,,MANNAROADE BETHLEHEM MAR THOMA CHURCH,Kadampanad North
ADOOR DIOCESE,,MOONNALAM ST THOMAS MAR THOMA CHURCH,Adoor
ADOOR DIOCESE,,NILACKAL JERUSALEM MAR THOMA CHURCH,Thuvayoor South
ADOOR DIOCESE,,NJAKANAL SALEM MAR THOMA CHURCH,Njakkanal
ADOOR DIOCESE,,NOORANAD SALEM MAR THOMA CHURCH,Nooranad
ADOOR DIOCESE,,PALLICKEL ST THOMAS MAR THOMA CHURCH,Pallickal
ADOOR DIOCESE,,PANAYIL HEBRON MAR THOMA CHURCH,Panayil
ADOOR DIOCESE,,PANDALAM MAR THOMA CHURCH,Mudiyoorkonam
ADOOR DIOCESE,,PARAKODE IMMANUEL MAR THOMA CHURCH,Parakode
ADOOR DIOCESE,,PATHANAPURAM IMMANUEL MAR THOMA CHURCH,Pathanapuram
ADOOR DIOCESE,,PATHARAM ST THOMAS MAR THOMA CHURCH,Patharam
ADOOR DIOCESE,,PATTAZHY MOTTACKAL MORIA MAR THOMA CHURCH,Pathanamthitta
ADOOR DIOCESE,,PATTOOR IMMANUEL MAR THOMA CHURCH,Pattoor
ADOOR DIOCESE,,PIDAVOOR BETHEL MAR THOMA CHURCH,Pidavoor
ADOOR DIOCESE,,PIDAVOOR EBENEZER MAR THOMA CHURCH,Avaneeswaram
ADOOR DIOCESE,,PIRAVANTHOOR ST THOMAS MAR THOMA CHURCH,Vettithitta
ADOOR DIOCESE,,POONKULANJI ST PAULS MAR THOMA CHURCH,Poonkulanji
ADOOR DIOCESE,,PORUVAZHY  BETHEL MAR THOMA CHURCH,Sooranad
ADOOR DIOCESE,,PUTHUSSERYBHAGOM BETHEL  MAR THOMA CHURCH,Vayala
ADOOR DIOCESE,,PUTHUVAL ST THOMAS MAR THOMA CHURCH,Pathanapuram
ADOOR DIOCESE,,RAJAGIRI MAR THOMA CHURCH,Rajagiri
ADOOR DIOCESE,,RAS AL KHAIMA ST THOMAS MAR THOMA CHURCH,Ras Al Khaima
ADOOR DIOCESE,,SOORANADU IMMANUEL MAR THOMA CHURCH,Sooranad
ADOOR DIOCESE,,THAMARAKULAM ST THOMAS MAR THOMA CHURCH,Vedaraplavu
ADOOR DIOCESE,,THANNIKUNNU SEHION MAR THOMA CHURCH,Chunakara
ADOOR DIOCESE,,THARAYILKADAVU SALEM MAR THOMA CHURCH,Kollaka
ADOOR DIOCESE,,THAZHAVA MAR THOMA CHURCH,Thazhava
ADOOR DIOCESE,,THEPPUPARA ST THOMAS MAR THOMA CHURCH,Theppupara
ADOOR DIOCESE,,THEVALAKARA HEBRON MAR THOMA CHURCH,Padinjattakara
ADOOR DIOCESE,,THEVALAKARA IMMANUEL MAR THOMA CHURCH,Arinallur
ADOOR DIOCESE,,THEVALAKARA MAR THOMA VALIYAPALLY,Thevalakara
ADOOR DIOCESE,,THUMPAMON JERUSALEM MAR THOMA CHURCH,Keerukuzhy
ADOOR DIOCESE,,THUMPAMON MUTTOM SALEM MAR THOMA CHURCH,Muttom
ADOOR DIOCESE,,THURUTHIKARA IMMANUEL MAR THOMA CHURCH,Thuruthikara
ADOOR DIOCESE,,THURUTHIKARA JERUSALEM MAR THOMA CHURCH,Kunnathur East
ADOOR DIOCESE,,THUVAYOOR EBENEZER MAR THOMA CHURCH,Kadambanad
ADOOR DIOCESE,,THUVAYOOR ST ANDREWS MAR THOMA CHURCH,Thuvayoor South
ADOOR DIOCESE,,THUVAYOOR ST PETERS MAR THOMA CHURCH,Thuvayoor South
ADOOR DIOCESE,,VATHIKULAM BETHEL MAR THOMA CHURCH,Thekkekara
ADOOR DIOCESE,,VATHIKULAM ST PAULS MAR THOMA CHURCH,Olakettiambalam
ADOOR DIOCESE,,VAYALA SALEM MAR THOMA CHURCH,Valaya
ADOOR DIOCESE,,VETTIYAR SALEM MAR THOMA CHURCH,Mankamkuzhy
ADOOR DIOCESE,,VETTIYAR ST THOMAS MAR THOMA CHURCH,Mankamkuzhy
ADOOR DIOCESE,,WEST KALLADA IMMANUEL MAR THOMA CHURCH,Peruvelikara
ADOOR DIOCESE,,WEST KALLADA MAR THOMA CHURCH,Peruvelikara
CHENGANNUR - MAVELIKKARA DIOCESE,,AKAMKUDY BETHEL MAR THOMA CHURCH,Akamkudy
CHENGANNUR - MAVELIKKARA DIOCESE,,ARANMULA ST THOMAS MAR THOMA CHURCH,Aranmula
CHENGANNUR - MAVELIKKARA DIOCESE,,ARATTUPUZHA BETHLEHEM MAR THOMA CHURCH,Arattupuzha (Pta
CHENGANNUR - MAVELIKKARA DIOCESE,,AYATHIL JERUSALEM MAR THOMA CHURCH,Muttathukonam
CHENGANNUR - MAVELIKKARA DIOCESE,,BUDHANOOR ST PAULS MAR THOMA CHURCH,Budhanoor
CHENGANNUR - MAVELIKKARA DIOCESE,,CHANGAMALA ST PETERS MAR THOMA CHURCH,Venmoney
CHENGANNUR - MAVELIKKARA DIOCESE,,CHEEKKANAL ST THOMAS MAR THOMA CHURCH,Omalloor
CHENGANNUR - MAVELIKKARA DIOCESE,,CHENGANNUR MAR THOMA VALIYAPALLY,Mundancavu
CHENGANNUR - MAVELIKKARA DIOCESE,,CHENNEERKARA EBENEZER MAR THOMA CHURCH,Chenneerkara
CHENGANNUR - MAVELIKKARA DIOCESE,,CHENNITHALA SOUTH SALEM MAR THOMA CHURCH,Mavelikkara
CHENGANNUR - MAVELIKKARA DIOCESE,,CHENNITHALA ST PETERS MAR THOMA CHURCH,Chennithala
CHENGANNUR - MAVELIKKARA DIOCESE,,CHEPPAD MAR THOMA CHURCH,Cheppad
CHENGANNUR - MAVELIKKARA DIOCESE,,CHERIYANAD IMMANUEL MAR THOMA CHURCH,Cheriyanad
CHENGANNUR - MAVELIKKARA DIOCESE,,CHERUKOLE MAR THOMA CHURCH,Cherukole
CHENGANNUR - MAVELIKKARA DIOCESE,,CHERUVALLUR ST GEORGE SALEM MAR THOMA CHURCH,Alappuzha
CHENGANNUR - MAVELIKKARA DIOCESE,,EDANAD SALEM MAR THOMA CHURCH,Edanad
CHENGANNUR - MAVELIKKARA DIOCESE,,EDAYARANMULA LAKA ST THOM MAR THOMA CHURCH,Edayarnmula
CHENGANNUR - MAVELIKKARA DIOCESE,,ELANTHUR MAR THOMA VALIYAPALLY,Elanthoor Elanthur
CHENGANNUR - MAVELIKKARA DIOCESE,,ELANTHUR PARIYARAM MAR THOMA PAZHAYAPALLY,Elanthoor Pariyaram Elanthoor
CHENGANNUR - MAVELIKKARA DIOCESE,,ELANTHUR ST THOMAS MAR THOMA CHURCH,Elanthoor P.O. Kozhenchery Pathanamthitta
CHENGANNUR - MAVELIKKARA DIOCESE,,ELAVUMTHITTA BETHLEHEM MAR THOMA CHURCH,Elavumthitta
CHENGANNUR - MAVELIKKARA DIOCESE,,ERAMATHOOR BETHEL MAR THOMA CHURCH,Eramathoor Mannar
CHENGANNUR - MAVELIKKARA DIOCESE,,GHALA ST. PAULS MAR THOMA CHURCH,Muscat
CHENGANNUR - MAVELIKKARA DIOCESE,,GRAMAM BETHEL MAR THOMA CHURCH,Ennakkadu
CHENGANNUR - MAVELIKKARA DIOCESE,,HARIPAD ST THOMAS MAR THOMA CHURCH,Haripad
CHENGANNUR - MAVELIKKARA DIOCESE,,KADAIKAD BETHEL MAR THOMA CHURCH,Alappuzha
CHENGANNUR - MAVELIKKARA DIOCESE,,KAIPUZHA EBENEZER MAR THOMA CHURCH,Panangadu
CHENGANNUR - MAVELIKKARA DIOCESE,,KAIPUZHA ST JOHNS MAR THOMA CHURCH,Kulanada
CHENGANNUR - MAVELIKKARA DIOCESE,,KALLIMEL ST THOMAS MAR THOMA CHURCH,Kallimel
CHENGANNUR - MAVELIKKARA DIOCESE,,KANNAMANGALAM ST ANDREWS MAR THOMA CHURCH,Chettikulangara
CHENGANNUR - MAVELIKKARA DIOCESE,,KANNAMANGALAM ST PAULS MAR THOMA CHURCH,Chettikulangara
CHENGANNUR - MAVELIKKARA DIOCESE,,KARACKAD REVIVAL CENTENARY MAR THOMA CHURCH,Karakkad
CHENGANNUR - MAVELIKKARA DIOCESE,,KARAMVELI JERUSALEM MAR THOMA CHURCH,Nellikkala
CHENGANNUR - MAVELIKKARA DIOCESE,,KARIPUZHA SALEM MAR THOMA CHURCH,Karipuzha
CHENGANNUR - MAVELIKKARA DIOCESE,,KARTHIKAPALLY MAR THOMA CHURCH,Karthkappally
CHENGANNUR - MAVELIKKARA DIOCESE,,KARUVATTA MAR THOMA CHURCH,Karuvatta
CHENGANNUR - MAVELIKKARA DIOCESE,,KARUVATTA SALEM MAR THOMA CHURCH,Karuvatta
CHENGANNUR - MAVELIKKARA DIOCESE,,KIDANGANNOOR ST THOM MAR THOMA CHURCH,Kidangannur
CHENGANNUR - MAVELIKKARA DIOCESE,,KIZHAKKEN OTHARA ST THOMAS MAR THOMA CHURCH,Pathanamthitta
CHENGANNUR - MAVELIKKARA DIOCESE,,KOTTA MORIA MAR THOMA CHURCH,Kotta
CHENGANNUR - MAVELIKKARA DIOCESE,,KURICHIMUTTOM ST JOHNS MAR THOMA CHURCH,Kuruchimuttom
CHENGANNUR - MAVELIKKARA DIOCESE,,KUZHIKALA MAR THOMA CHURCH,Kuzhikala
CHENGANNUR - MAVELIKKARA DIOCESE,,MANGALAM ST THOMAS MAR THOMA CHURCH,Vazharmangalam
CHENGANNUR - MAVELIKKARA DIOCESE,,MAR THOMA CHURCH IN OMAN,Muscat
CHENGANNUR - MAVELIKKARA DIOCESE,,MAVELIKKARA MAR THOMA CHURCH,Thazhakara
CHENGANNUR - MAVELIKKARA DIOCESE,,MEZHUVELI SALEM MAR THOMA CHURCH,Karithotta
CHENGANNUR - MAVELIKKARA DIOCESE,,MULAKUZHA ST THOMAS MAR THOMA CHURCH,Mulakhuzha
CHENGANNUR - MAVELIKKARA DIOCESE,,MUTHUKULAM ST THOMAS MAR THOMA CHURCH,Muthukulam Muthukulam South
CHENGANNUR - MAVELIKKARA DIOCESE,,MUTTOM MAR THOMA CHURCH,Alappuzha
CHENGANNUR - MAVELIKKARA DIOCESE,,NAKKADA ST THOMAS MAR THOMA CHURCH,Pandanad North
CHENGANNUR - MAVELIKKARA DIOCESE,,NELLIKALA MAR THOMA CHURCH,Naranganam West
CHENGANNUR - MAVELIKKARA DIOCESE,,NIKARUPURAM HERMON MAR THOMA CHURCH,Piralassery
CHENGANNUR - MAVELIKKARA DIOCESE,,OTHARA EBENEZER MAR THOMA CHURCH,Othera East
CHENGANNUR - MAVELIKKARA DIOCESE,,OTHARA ST ANDREWS MAR THOMA CHURCH,Othara West
CHENGANNUR - MAVELIKKARA DIOCESE,,OTHARA ST PAULS MAR THOMA CHURCH,Othera West
CHENGANNUR - MAVELIKKARA DIOCESE,,PALLIKKALA ST THOMAS MAR THOMA CHURCH,Thumpamon (N
CHENGANNUR - MAVELIKKARA DIOCESE,,PALLIPADU MAR THOMA CHERIYAPALLY,Pallippad
CHENGANNUR - MAVELIKKARA DIOCESE,,PALLIPADU ST THOMAS MAR THOMA CHURCH,Pallipad
CHENGANNUR - MAVELIKKARA DIOCESE,,PANDANAD IMMANUEL MAR THOMA CHURCH,Pandanad West
CHENGANNUR - MAVELIKKARA DIOCESE,,PANDANAD MAR THOMA VALIYAPALLY,Pandanad North
CHENGANNUR - MAVELIKKARA DIOCESE,,PANDANAD MATHIAS MAR THOMA CHURCH,
CHENGANNUR - MAVELIKKARA DIOCESE,,PANDANAD ST THOMAS MAR THOMA CHURCH,Pandanadu West
CHENGANNUR - MAVELIKKARA DIOCESE,,PARIMANAM MAR THOMA CHURCH,Muttam
CHENGANNUR - MAVELIKKARA DIOCESE,,PAYIPPADU IMMANUEL MAR THOMA CHURCH,Paipadu
CHENGANNUR - MAVELIKKARA DIOCESE,,PENNUKKARA IMMANUEL MAR THOMA CHURCH,Poomala
CHENGANNUR - MAVELIKKARA DIOCESE,,PENNUKKARA ST THOMAS MAR THOMA CHURCH,Pennukkara
CHENGANNUR - MAVELIKKARA DIOCESE,,PERINGELIPURAM MAR THOMA CHURCH,Peringelipuram
CHENGANNUR - MAVELIKKARA DIOCESE,,PERISSERY ST PETERS MAR THOMA CHURCH,Mundancavu
CHENGANNUR - MAVELIKKARA DIOCESE,,PRAYAR JERUSALEM MAR THOMA CHURCH,Pandanadu (N
CHENGANNUR - MAVELIKKARA DIOCESE,,PRAYAR SEHION MAR THOMA CHURCH,Kallisseri
CHENGANNUR - MAVELIKKARA DIOCESE,,PULIYOOR ST THOMAS MAR THOMA CHURCH,Puliyoor
CHENGANNUR - MAVELIKKARA DIOCESE,,PULLAMALA THABORE MAR THOMA CHURCH,Muttathukonam
CHENGANNUR - MAVELIKKARA DIOCESE,,PUNNACKAD EMMANUEL MAR THOMA CHURCH,Punnakkad
CHENGANNUR - MAVELIKKARA DIOCESE,,PUNNAMOODU EBENEZER MAR THOMA CHURCH,Mavelikara
CHENGANNUR - MAVELIKKARA DIOCESE,,PUNTHALA MAR THOMA CHURCH,Punthala
CHENGANNUR - MAVELIKKARA DIOCESE,,PUTHENCAVU MATHILAKAM AROHANAM MAR THOMA CHURCH,Puthencavu
CHENGANNUR - MAVELIKKARA DIOCESE,,RAMAPURAM IMMANUEL MAR THOMA CHURCH,Keerikad
CHENGANNUR - MAVELIKKARA DIOCESE,,SALALAH MAR THOMA CHURCH,Pob
CHENGANNUR - MAVELIKKARA DIOCESE,,SOHAR ST THOMAS MAR THOMA CHURCH,
CHENGANNUR - MAVELIKKARA DIOCESE,,THAIMARAVUMKARA SALEM MAR THOMA CHURCH,West Othera
CHENGANNUR - MAVELIKKARA DIOCESE,,THITTAMEL TRINITY MAR THOMA CHURCH,Alappuzha
CHENGANNUR - MAVELIKKARA DIOCESE,,THUMPAMON BETHEL MAR THOMA CHURCH,Chennerkara
CHENGANNUR - MAVELIKKARA DIOCESE,,THUMPAMON CHRIST MAR THOMA CHURCH,Thumpamon North
CHENGANNUR - MAVELIKKARA DIOCESE,,THUMPAMON IMMANUEL MAR THOMA CHURCH,Thumpamon (N) P O.
CHENGANNUR - MAVELIKKARA DIOCESE,,THUMPAMON SEHION MAR THOMA CHURCH,Elavumthitta
CHENGANNUR - MAVELIKKARA DIOCESE,,ULANAD BETHEL MAR THOMA CHURCH,Ulanadu
CHENGANNUR - MAVELIKKARA DIOCESE,,UMAYATTUKARA MAR THOMA CHURCH,Kallisseri
CHENGANNUR - MAVELIKKARA DIOCESE,,VALIYAVATTOM ST PAULS MAR THOMA CHURCH,Elanthur
CHENGANNUR - MAVELIKKARA DIOCESE,,VARAMPOOR VENMONEY ST THOMAS MAR THOMA CHURCH,Varampur
CHENGANNUR - MAVELIKKARA DIOCESE,,VELLAPPARA ST STEPHENS MAR THOMA CHURCH,Nellikala
CHENGANNUR - MAVELIKKARA DIOCESE,,VENMONEY BETHANY MAR THOMA CHURCH,Venmoney
CHENGANNUR - MAVELIKKARA DIOCESE,,VENMONEY SALEM MAR THOMA CHURCH,Venmony Kozhuvalloor
CHENGANNUR - MAVELIKKARA DIOCESE,,VENMONEY SEHION MAR THOMA CHURCH,Venmoney
CHENNAI - BANGALORE DIOCESE,,ADAYAR ST PAULS MAR THOMA CHURCH,Velacheri
CHENNAI - BANGALORE DIOCESE,,AMBLIKAI ST LUKES MAR THOMA CHURCH,Dindigul
CHENNAI - BANGALORE DIOCESE,,ANKOLA ST PAULS MAR THOMA CHURCH,Ankola
CHENNAI - BANGALORE DIOCESE,,ANNA NAGAR JERUSALEM MAR THOMA CHURCH,Annanagar
CHENNAI - BANGALORE DIOCESE,,ARISANAMKERI IMMANUEL MAR THOMA CHURCH,Indoor
CHENNAI - BANGALORE DIOCESE,,AVADI ST ANDREWS MAR THOMA CHURCH,Chennai
CHENNAI - BANGALORE DIOCESE,,BACHIPPALLI ST LUKE MAR THOMA CHURCH,Palakonda
CHENNAI - BANGALORE DIOCESE,,BAINAPALLY  MYDUKUR ST MATHEWS MAR THOMA CHURCH,Chintakunta
CHENNAI - BANGALORE DIOCESE,,BANGALORE CITY [PRIMROSE RD] MAR THOMA CHURCH,Bangalore
CHENNAI - BANGALORE DIOCESE,,BANGALORE EAST MAR THOMA CHURCH,Maruthi Sevanagar
CHENNAI - BANGALORE DIOCESE,,BANGALORE ST STEPHENS MAR THOMA CHURCH,Carmelaram
CHENNAI - BANGALORE DIOCESE,,BANGALORE WEST TRINITY (RAJAJI NAGAR) MAR THOMA CHURCH,Kamala Nagar
CHENNAI - BANGALORE DIOCESE,,BEERASANDRA MAR THOMA CHURCH,Alur Duddanahally P.O Devanahally
CHENNAI - BANGALORE DIOCESE,,BETAPUR ST PETERS MAR THOMA CHURCH,Betapur
CHENNAI - BANGALORE DIOCESE,,BIJUWARA ST THOMAS MAR THOMA CHURCH,Kelainathotta Chikkaballapur
CHENNAI - BANGALORE DIOCESE,,"CHAKERIYELI JERUSALEM MAR THOMA CHURCH, SANGAREDDY",
CHENNAI - BANGALORE DIOCESE,,CHINTHAMANI ST THOMAS MAR THOMA CHURCH,Chintamani
CHENNAI - BANGALORE DIOCESE,,COIMBATORE MAR THOMA SYRIAN CHURCH,Coimbatore
CHENNAI - BANGALORE DIOCESE,,DANDELI ST THOMAS MAR THOMA CHURCH,Dandeli
CHENNAI - BANGALORE DIOCESE,,DAVANAGERI MAR THOMA CHURCH,Davangere
CHENNAI - BANGALORE DIOCESE,,DEVANAHALLY IMMANUEL MAR THOMA CHURCH,Devanahally
CHENNAI - BANGALORE DIOCESE,,DIBBURAHALLI BETHLEHEM MAR THOMA CHURCH,Chikkabellapur
CHENNAI - BANGALORE DIOCESE,,GAJULLAPPALLE CHRISTOSE MAR THOMA CHURCH,
CHENNAI - BANGALORE DIOCESE,,GONGLUR MAR THOMA CHAPEL,
CHENNAI - BANGALORE DIOCESE,,GUNDUMPADU  IMMANUEL MAR THOMA CHURCH,
CHENNAI - BANGALORE DIOCESE,,HANGAL ST THOMAS MAR THOMA CHURCH,Hangal
CHENNAI - BANGALORE DIOCESE,,HEBBAL JERUSALEM MAR THOMA CHURCH,Bangalore
CHENNAI - BANGALORE DIOCESE,,HONAVAR ST THOMAS MAR THOMA CHURCH,Uttar Kannada
CHENNAI - BANGALORE DIOCESE,,HOSKOTE  MAR THOMA CHURCH,Hoskote-(P.O.) Bengaluru (Rural
CHENNAI - BANGALORE DIOCESE,,HUBLI MAR THOMA CHURCH,Dharwad
CHENNAI - BANGALORE DIOCESE,,HYDERABAD ASCENSION MAR THOMA CHURCH,Chikkadapally
CHENNAI - BANGALORE DIOCESE,,HYDERABAD ST THOMAS R C PURAM MAR THOMA CHURCH,Hyderabad
CHENNAI - BANGALORE DIOCESE,,ICHILAMPADI IMMANUEL MAR THOMA CHURCH,Ichilampady
CHENNAI - BANGALORE DIOCESE,,JALAHALLI EBENEZER MAR THOMA CHURCH,Bangalore
CHENNAI - BANGALORE DIOCESE,,JANGAMAKOTE BETHEL MAR THOMA CHURCH,Jangamakote
CHENNAI - BANGALORE DIOCESE,,KANAKUZHI MAR THOMA CHAPEL,
CHENNAI - BANGALORE DIOCESE,,KARGOLI SALEM MAR THOMA CHURCH,Kusoor
CHENNAI - BANGALORE DIOCESE,,KARWAR ST. THOMAS MAR THOMA CHURCH,Uttara Kannada
CHENNAI - BANGALORE DIOCESE,,KENGERI CHRISTOS MAR THOMA CHURCH,Bangalore
CHENNAI - BANGALORE DIOCESE,,KHANAPURAM MAR THOMA CHURCH,Palakonda
CHENNAI - BANGALORE DIOCESE,,KOLAR CHRISTA JYOTHI MAR THOMA CHURCH,Naraspura
CHENNAI - BANGALORE DIOCESE,,KOPPA JERUSALEM MAR THOMA CHURCH,Indoore
CHENNAI - BANGALORE DIOCESE,,KOTHANNUR EMMANUEL MAR THOMA CHURCH,Kothanur
CHENNAI - BANGALORE DIOCESE,,KRISHNARAJAPURAM BETHEL MAR THOMA CHURCH,Dooravani Nagar
CHENNAI - BANGALORE DIOCESE,,KUMTA ST THOMAS MAR THOMA CHURCH,Kumta
CHENNAI - BANGALORE DIOCESE,,KUWAIT ST. JAMES MAR THOMA CHURCH,
CHENNAI - BANGALORE DIOCESE,,MADRAS MAR THOMA SYRIAN CHURCH (CHETPET),Harrington Road Chetpet
CHENNAI - BANGALORE DIOCESE,,MADRAS ST THOMAS MOUNT. ST. THOMAS MAR THOMA CHURCH,Pazhavanthngal
CHENNAI - BANGALORE DIOCESE,,MAHADEVAPURAM JERUSALEM MAR THOMA CHURCH,Yerraguntla
CHENNAI - BANGALORE DIOCESE,,MANGALORE MAR THOMA CHURCH,Mangalore
CHENNAI - BANGALORE DIOCESE,,MANIPAL BETHEL MAR THOMA CHURCH,Manipal
CHENNAI - BANGALORE DIOCESE,,MARTHAHALLY ST THOMAS MAR THOMA CHURCH,Marathahalli Colony
CHENNAI - BANGALORE DIOCESE,,MITTAPPALLE ST PETERS MAR THOMA CHURCH,Narasapuram
CHENNAI - BANGALORE DIOCESE,,MUKUNDAPURAM ST MATHEWS MAR THOMA CHURCH,Muthalur
CHENNAI - BANGALORE DIOCESE,,MUNDUGOD ST THOMAS MAR THOMA CHURCH,Mundgod
CHENNAI - BANGALORE DIOCESE,,MUSTHUR ST JOHNS MAR THOMA CHURCH,Chikballpur
CHENNAI - BANGALORE DIOCESE,,MYSORE MAR THOMA SYRIAN CHURCH,Mysore
CHENNAI - BANGALORE DIOCESE,,NALLAGADLA ST JOHNS MAR THOMA CHURCH,Kurnool
CHENNAI - BANGALORE DIOCESE,,NARASAPURAM ST THOMAS MAR THOMA CHURCH,Muthalur
CHENNAI - BANGALORE DIOCESE,,NARASINKAPURAM MAR THOMA CHURCH,
CHENNAI - BANGALORE DIOCESE,,NEREDMET BETHEL MAR THOMA CHURCH,Secunderabad
CHENNAI - BANGALORE DIOCESE,,NEYVELI JERUSALEM MAR THOMA CHURCH,Neiveli
CHENNAI - BANGALORE DIOCESE,,NILGIRI MAR THOMA CHURCH COONOOR,Nilgiris
CHENNAI - BANGALORE DIOCESE,,NORTH MADRAS MAR THOMA CHURCH,Thiruvottiyur
CHENNAI - BANGALORE DIOCESE,,PADI BETHEL (CHENNAI) MAR THOMA CHURCH,Korattur
CHENNAI - BANGALORE DIOCESE,,POLLACHI ST THOMAS MAR THOMA CHURCH,Mahalingapuram
CHENNAI - BANGALORE DIOCESE,,PONDICHERRY ST THOMAS MAR THOMA CHURCH,Pondicherry
CHENNAI - BANGALORE DIOCESE,,PORT BLAIR ST THOMAS MAR THOMA CHURCH,Port Blair
CHENNAI - BANGALORE DIOCESE,,RANGAT ST JOHNS MAR THOMA CHURCH,Middle & North Andaman
CHENNAI - BANGALORE DIOCESE,,REDDYPALLE ST STEPHENS MAR THOMA CHURCH,Narasapuram
CHENNAI - BANGALORE DIOCESE,,SALEM (TN) MAR THOMA CHURCH,Salem
CHENNAI - BANGALORE DIOCESE,,"SALMIA ST. THOMAS MAR THOMA CHURCH, KUWAIT",
CHENNAI - BANGALORE DIOCESE,,SANTHIMANDIRAM MAR THOMA CHURCH,Medchal Malkajgiri
CHENNAI - BANGALORE DIOCESE,,SECUNDRABAD – HYDERABAD MAR THOMA CHURCH,Nehru Nagar (Visakha
CHENNAI - BANGALORE DIOCESE,,SEEDARAMAPURA GAJULLAPALLE KEREETH MAR THOMA CHURCH,Gajulappally
CHENNAI - BANGALORE DIOCESE,,SHETTIVEEDU ST. THOMAS MAR THOMA CHURCH,Kurnool
CHENNAI - BANGALORE DIOCESE,,SHIVANAPURAM JERUSALEM MAR THOMA CHURCH,Shivanapura
CHENNAI - BANGALORE DIOCESE,,SIDLAGHATTA EBENEZER MAR THOMA CHURCH,Shidlaghatta
CHENNAI - BANGALORE DIOCESE,,SIRSI ST PAULS MAR THOMA CHURCH,North Kanara
CHENNAI - BANGALORE DIOCESE,,SONNENAHALLI ST PAULS MAR THOMA CHURCH,Sidlaghatta
CHENNAI - BANGALORE DIOCESE,,TAMBARAM IMMANUEL MAR THOMA CHURCH,Muthamizh Street East Tambaram
CHENNAI - BANGALORE DIOCESE,,TRICHY ST. THOMAS MAR THOMA CHURCH,Kattur
CHENNAI - BANGALORE DIOCESE,,TUMKUR ST JOHNS MAR THOMA CHURCH,Tumkur
CHENNAI - BANGALORE DIOCESE,,VALPARAI HOREB MAR THOMA CHURCH,Valparai
CHENNAI - BANGALORE DIOCESE,,VELLORE ST THOMAS MAR THOMA CHURCH,Gandhi Nagar
CHENNAI - BANGALORE DIOCESE,,VIJAYAPURA ST ANDREWS MAR THOMA CHURCH,Devanahally
CHENNAI - BANGALORE DIOCESE,,VILANTHAI MAR THOMA CHAPEL,
CHENNAI - BANGALORE DIOCESE,,WHITEFIELD ST PAULS MAR THOMA CHURCH,Kannamangala
DELHI DIOCESE,,AGRA MAR THOMA CHURCH,Agra H.O
DELHI DIOCESE,,AHMADI IMMANUEL MAR THOMA PARISH KUWAIT,
DELHI DIOCESE,,AHMADI MAR THOMA CHURCH,
DELHI DIOCESE,,ALLAHABAD MAR THOMA CHURCH,Muirabad P.O. Prayagraj
DELHI DIOCESE,,AMBIKAPUR MAR THOMA CHURCH,Ambikapur
DELHI DIOCESE,,ARUNACHAL PRADESH SOUTHERN CHRISTIAN (C),
DELHI DIOCESE,,BANSVARA SALEM MAR THOMA CHURCH,Banswara Ho
DELHI DIOCESE,,BHILAI MAR THOMA CHURCH,Sector 6 Bhilai
DELHI DIOCESE,,BHILWARA ST THOMAS MAR THOMA CHURCH,Bhilwara
DELHI DIOCESE,,BHOPAL ST PETERS MAR THOMA CHURCH,Govindapura
DELHI DIOCESE,,BILASPUR MAR THOMA CHURCH,Bilaspur
DELHI DIOCESE,,BISHRAMPUR BETHEL MAR THOMA CHURCH,Bishrampur Colliery
DELHI DIOCESE,,BOKARO STEEL CITY MAR THOMA CHURCH,Bokaro Steel City
DELHI DIOCESE,,CHANDIGARH MAR THOMA CHURCH,Near Village Raipur Khurd
DELHI DIOCESE,,CUTTACK –  BHUBHANESWAR MAR THOMA CHURCH,Jharpada
DELHI DIOCESE,,DELHI ST PETERS MAR THOMA CHURCH,Joshi Colony
DELHI DIOCESE,,DELHI ST STEPHENS (MAYUR VIHAR) MAR THOMA CHURCH,Mayur Vihar Phase Iii
DELHI DIOCESE,,DEWAS IMMANUEL MAR THOMA CHURCH,Devas Ho
DELHI DIOCESE,,DHANBAD MAR THOMA CHURCH,Dhanbad Bokaro
DELHI DIOCESE,,DURGAPUR MAR THOMA CHURCH,Durgapore
DELHI DIOCESE,,FARIDABAD ALL SAINTS MAR THOMA CHURCH,Faridabad
DELHI DIOCESE,,GHAZIABAD MAR THOMA SYRIAN CHURCH,Sahibabad
DELHI DIOCESE,,GURGAON ST THOMAS MAR THOMA CHURCH,Gurgaon
DELHI DIOCESE,,GUWAHATI MAR THOMA CHURCH,Guwahati G
DELHI DIOCESE,,GWALIOR MAR THOMA CHURCH,Gwalior
DELHI DIOCESE,,INDORE MAR THOMA CHURCH,Indore R.S.S.Nagar
DELHI DIOCESE,,ITARSI MAR THOMA CHURCH,Itarsi
DELHI DIOCESE,,JABALPUR ST ANDREWS MAR THOMA CHURCH,
DELHI DIOCESE,,JAGDALPUR MAR THOMA CHURCH,Jagdalpur
DELHI DIOCESE,,JAIPUR MAR THOMA CHURCH,Mansarover
DELHI DIOCESE,,JAMSHEDPUR MAR THOMA CHURCH,Jamshedpur
DELHI DIOCESE,,JHANSI MAR THOMA CHURCH,Sipri Bazar
DELHI DIOCESE,,JODHPUR MAR THOMA CHURCH,Jodhpur
DELHI DIOCESE,,KATNI MAR THOMA CHURCH,Jabalpur
DELHI DIOCESE,,KHAMARIA RANJHI MAR THOMA CHURCH,Jabalpur
DELHI DIOCESE,,KOLAR ROAD BETHEL (BHOPAL) MAR THOMA CHURCH,Bhopal
DELHI DIOCESE,,KOLKATA MAR THOMA SYRIAN CHURCH,Ballygunge
DELHI DIOCESE,,KORBA MAR THOMA SYRIAN CHURCH,Korba Head
DELHI DIOCESE,,KOTA ST THOMAS MAR THOMA CHURCH(RAJASTHAN),Rajasthan
DELHI DIOCESE,,KUWAIT ST. JOHNS MAR THOMA CHURCH,
DELHI DIOCESE,,KUWAIT ST. PETERS MAR THOMA CHURCH,
DELHI DIOCESE,,LALGHATI (BHOPAL) ST PAULS MAR THOMA CHURCH,Bhopal
DELHI DIOCESE,,LUCKNOW MAR THOMA CHURCH,Gomti Nagar
DELHI DIOCESE,,LUDHIANA MAR THOMA CHURCH,Mohar Singh Nagar
DELHI DIOCESE,,MAHASAMUDHU MAR THOMA CHURCH,Raipur
DELHI DIOCESE,,NEW DELHI BETHEL MAR THOMA CHURCH,Ignou
DELHI DIOCESE,,NEW DELHI EBENEZER (VIKASPURI) MAR THOMA CHURCH,Vikaspuri
DELHI DIOCESE,,NEW DELHI JERUSALEM MAR THOMA CHURCH,Safdarjung Enclave
DELHI DIOCESE,,NEW DELHI ST JAMES (DWARKA) MAR THOMA CHURCH,Newdelhi
DELHI DIOCESE,,NEW DELHI ST. THOMAS (KAROLBAGH) MAR THOMA CHURCH,Karol Bagh
DELHI DIOCESE,,NOIDA IMMANUEL MAR THOMA CHURCH,
DELHI DIOCESE,,PATNA MAR THOMA CHURCH,Sonari
DELHI DIOCESE,,RAIPUR MAR THOMA CHURCH,Raipur
DELHI DIOCESE,,RAJHARA MAR THOMA CHURCH,Balod District
DELHI DIOCESE,,RAJNANDAGAON EBENEZER MAR THOMA CHURCH,Rajnandgaon
DELHI DIOCESE,,RANCHI MAR THOMA CHURCH,Ranchi
DELHI DIOCESE,,REWA ST THOMAS MAR THOMA CHURCH,Rewa
DELHI DIOCESE,,ROURKALA MAR THOMA CHURCH,Jhirpani
DELHI DIOCESE,,SATNA MAR THOMA CHURCH,Christiya Bandhu Kulam Mahadeva
DELHI DIOCESE,,SIHORA MAR THOMA CHURCH,Darshini
DELHI DIOCESE,,TATIBANDH ST JOHNS MAR THOMA CHURCH,Raipur
DELHI DIOCESE,,UDAIPUR IMMANUEL MAR THOMA CHURCH,North Ayad
DELHI DIOCESE,,VISAKAPATANAM MAR THOMA SYRIAN CHURCH,Near All India Radio
KOTTARAKKARA - PUNALUR DIOCESE,,AMBALAKKARA IMMANUEL MAR THOMA CHURCH,Anmalakkara
KOTTARAKKARA - PUNALUR DIOCESE,,AMBALATHUMKALA HOREB MAR THOMA CHURCH,
KOTTARAKKARA - PUNALUR DIOCESE,,AMPALATHUMKALA HOREB MAR THOMA CHURCH,Kollam
KOTTARAKKARA - PUNALUR DIOCESE,,ANDOOR JERUSALEM MAR THOMA CHURCH,Andoor
KOTTARAKKARA - PUNALUR DIOCESE,,ANDOOR ST PETERS MAR THOMA CHURCH,Andoor
KOTTARAKKARA - PUNALUR DIOCESE,,AREEPLACHI EBENEZER MAR THOMA CHURCH,Areeplachy
KOTTARAKKARA - PUNALUR DIOCESE,,AVANEESWARAM IMMANUEL MAR THOMA CHURCH,Avaneswaram R.S
KOTTARAKKARA - PUNALUR DIOCESE,,CHAKKUVARAKKAL IMMANUEL MAR THOMA CHURCH,Chakkuvarackal
KOTTARAKKARA - PUNALUR DIOCESE,,CHALIAKKARA IMMANUEL MAR THOMA CHURCH,Chaliyakara
KOTTARAKKARA - PUNALUR DIOCESE,,CHENGAMANADU IMMANUEL MAR THOMA CHURCH,Chengamanad
KOTTARAKKARA - PUNALUR DIOCESE,,CHENKOTTAI ST PAULS MAR THOMA CHURCH,Chengottai R.S
KOTTARAKKARA - PUNALUR DIOCESE,,CHENKULAM IMMANUEL MAR THOMA CHURCH,Chenkulam
KOTTARAKKARA - PUNALUR DIOCESE,,DOHA QATAR IMMANUEL MAR THOMA PARISH,Doha-Qatar
KOTTARAKKARA - PUNALUR DIOCESE,,EDAMON MORIA MAR THOMA CHURCH,Edamon
KOTTARAKKARA - PUNALUR DIOCESE,,ELAMPAL JERUSALEM MAR THOMA CHURCH,Elampal
KOTTARAKKARA - PUNALUR DIOCESE,,ELAMPAL SEHION MAR THOMA CHURCH,Elampal
KOTTARAKKARA - PUNALUR DIOCESE,,ELAMPAL ST THOMAS MAR THOMA CHURCH,Elampal
KOTTARAKKARA - PUNALUR DIOCESE,,INCHAKKADU BETHEL MAR THOMA CHURCH,Mailom
KOTTARAKKARA - PUNALUR DIOCESE,,KAITHACODE EBENEZER MAR THOMA CHURCH,Perayam
KOTTARAKKARA - PUNALUR DIOCESE,,KAITHACODE MAR THOMA CHURCH,Kaithakodu
KOTTARAKKARA - PUNALUR DIOCESE,,KAITHODU BETHEL MAR THOMA CHURCH,Kaithodu Nellipally
KOTTARAKKARA - PUNALUR DIOCESE,,KALAYANADU SALEM MAR THOMA CHURCH,Planchery
KOTTARAKKARA - PUNALUR DIOCESE,,KALLADA NILAMEL MAR THOMA CHURCH,East Kallada
KOTTARAKKARA - PUNALUR DIOCESE,,KARAVALOOR BETHEL MAR THOMA CHURCH,Karavaloor
KOTTARAKKARA - PUNALUR DIOCESE,,KARAVALOOR KEREETH MAR THOMA CHURCH,Areeplachy
KOTTARAKKARA - PUNALUR DIOCESE,,KARICKOM CHRISTHOSE MAR THOMA CHURCH,Karikkam
KOTTARAKKARA - PUNALUR DIOCESE,,KARIPPURAM CHRISTHOSE MAR THOMA CHURCH,Mukkoodu
KOTTARAKKARA - PUNALUR DIOCESE,,KOKKADU ST JOHNS MAR THOMA CHURCH,Kokkadu
KOTTARAKKARA - PUNALUR DIOCESE,,KOTTARA BETHEL MAR THOMA CHURCH,Meeyannoor
KOTTARAKKARA - PUNALUR DIOCESE,,KOTTARAKARA MAR THOMA CHURCH,Kottarakara
KOTTARAKKARA - PUNALUR DIOCESE,,KULAPPALLY BETHEL MAR THOMA CHURCH,Panavoor
KOTTARAKKARA - PUNALUR DIOCESE,,KUNDARA BETHEL MAR THOMA CHURCH,Kundara Thrippalazhikom
KOTTARAKKARA - PUNALUR DIOCESE,,KUNDARA SALEM MAR THOMA CHURCH,Kundara
KOTTARAKKARA - PUNALUR DIOCESE,,KURIATHY TRINITY MAR THOMA CHURCH,Panacode
KOTTARAKKARA - PUNALUR DIOCESE,,KURUPUZHA JERUSALEM MAR THOMA CHURCH,Elavattom
KOTTARAKKARA - PUNALUR DIOCESE,,MANJAKKALA TRINITY MAR THOMA CHURCH,Manjakala
KOTTARAKKARA - PUNALUR DIOCESE,,MARUTHAMONPALLY IMMANUEL MAR THOMA CHURCH,Pooyapally
KOTTARAKKARA - PUNALUR DIOCESE,,MATHRA IMMANUEL MAR THOMA CHURCH,Mathra
KOTTARAKKARA - PUNALUR DIOCESE,,MEENAMKAL ST PAULS MAR THOMA CHURCH,Medical College
KOTTARAKKARA - PUNALUR DIOCESE,,MEEYANNUR SALEM MAR THOMA CHURCH,Meeyannoor
KOTTARAKKARA - PUNALUR DIOCESE,,MUKHATHALA MAR THOMA CHURCH,Alummoodu
KOTTARAKKARA - PUNALUR DIOCESE,,MYLADUMPARA BETHEL MAR THOMA CHURCH,Kollam
KOTTARAKKARA - PUNALUR DIOCESE,,MYLAMKULAM SHALOM MAR THOMA CHURCH,Puthur-Kollam
KOTTARAKKARA - PUNALUR DIOCESE,,MYLOM CHRISTHOSE MAR THOMA CHURCH,Pallickal
KOTTARAKKARA - PUNALUR DIOCESE,,NAGAMALA MAR THOMA CHURCH,Nagamala Kalthurutty
KOTTARAKKARA - PUNALUR DIOCESE,,NARICKAL BETHEL MAR THOMA CHURCH,Narikkal
KOTTARAKKARA - PUNALUR DIOCESE,,NEELESWARAM IMMANUEL MAR THOMA CHURCH,Neeleswaram
KOTTARAKKARA - PUNALUR DIOCESE,,NELLIKUNNAM IMMANUEL MAR THOMA CHURCH,Nellikunnam
KOTTARAKKARA - PUNALUR DIOCESE,,NELLIPPALLI ST PAULS MAR THOMA CHURCH,Nellippally
KOTTARAKKARA - PUNALUR DIOCESE,,"ODANAVATTOM MAR THOMA CHURCH,",Odanavattom
KOTTARAKKARA - PUNALUR DIOCESE,,ODANAVATTOM ST THOMAS MAR THOMA CHURCH,Cheppara
KOTTARAKKARA - PUNALUR DIOCESE,,OYOOR ST THOMAS MAR THOMA CHURCH,Pooyappally (Via
KOTTARAKKARA - PUNALUR DIOCESE,,PACHA PALODU SALEM MAR THOMA CHURCH,Pacha-Palode
KOTTARAKKARA - PUNALUR DIOCESE,,PALAKUZHY EBENEZER MAR THOMA CHURCH,Palakkuzhy Thalavoor
KOTTARAKKARA - PUNALUR DIOCESE,,PANAVELI BETHEL MAR THOMA CHURCH,Panaveli
KOTTARAKKARA - PUNALUR DIOCESE,,PANDITHITTA THABORE MAR THOMA CHURCH,Ambalathinnirappu
KOTTARAKKARA - PUNALUR DIOCESE,,PARUTHUMPARA IMMANUEL MAR THOMA CHURCH,Kollam
KOTTARAKKARA - PUNALUR DIOCESE,,PATTAMALA MAR THOMA CHURCH,Chengamanad
KOTTARAKKARA - PUNALUR DIOCESE,,PATTAZHY CHRISTOSE MAR THOMA CHURCH,Thekketheri
KOTTARAKKARA - PUNALUR DIOCESE,,PATTAZHY IMMANUEL MAR THOMA CHURCH,Thekkethery
KOTTARAKKARA - PUNALUR DIOCESE,,PAZHINJAM ST PAULS MAR THOMA CHURCH,Ummannur
KOTTARAKKARA - PUNALUR DIOCESE,,PERA ST JOHNS MAR THOMA CHURCH,Andoor
KOTTARAKKARA - PUNALUR DIOCESE,,PERAYAM MAR THOMA CHURCH,Mulavana
KOTTARAKKARA - PUNALUR DIOCESE,,PLAPPALLY BETHEL MAR THOMA CHURCH,Plapally
KOTTARAKKARA - PUNALUR DIOCESE,,PODIYATTUVILA ST THOMAS MAR THOMA CHURCH,Podiyattuvila
KOTTARAKKARA - PUNALUR DIOCESE,,POLICODE IMMANUEL MAR THOMA CHURCH,Vayackal
KOTTARAKKARA - PUNALUR DIOCESE,,POOYAPPALLY ST  THOMAS MAR THOMA CHURCH,Pooyapally
KOTTARAKKARA - PUNALUR DIOCESE,,PULAMON BETHEL MAR THOMA CHURCH,Pulamon
KOTTARAKKARA - PUNALUR DIOCESE,,PULLEMCODE ST THOMAS MAR THOMA CHURCH,Perumannur
KOTTARAKKARA - PUNALUR DIOCESE,,PUNALUR CARMEL MAR THOMA CHURCH,Punalur Paper Mills
KOTTARAKKARA - PUNALUR DIOCESE,,PUNALUR ST THOMAS MAR THOMA CHURCH,Kollam
KOTTARAKKARA - PUNALUR DIOCESE,,PUTHOOR IMMANUEL MAR THOMA CHURCH,Karickel
KOTTARAKKARA - PUNALUR DIOCESE,,PUTHUCADU BETHEL MAR THOMA CHURCH,Edamon
KOTTARAKKARA - PUNALUR DIOCESE,,"PUTHUCADU JERUSALEM MAR THOMA CHURCH,",Puthukkad
KOTTARAKKARA - PUNALUR DIOCESE,,PUTHUKULANGARA IMMANUEL MAR THOMA CHURCH,Nedumangad
KOTTARAKKARA - PUNALUR DIOCESE,,THALACHIRA SALEM MAR THOMA CHURCH,Thalachira
KOTTARAKKARA - PUNALUR DIOCESE,,THALAVOOR NADUTHERY MAR THOMA CHURCH,Thalavoor
KOTTARAKKARA - PUNALUR DIOCESE,,THALAVOOR NADUTHERY MARTHOMA CHURCH,
KOTTARAKKARA - PUNALUR DIOCESE,,THAMARAKUDY IMMMANUEL MAR THOMA CHURCH,Thamarakudy
KOTTARAKKARA - PUNALUR DIOCESE,,THRIKKANNAMANGAL SALEM MAR THOMA CHURCH,Thrikkannamangal
KOTTARAKKARA - PUNALUR DIOCESE,,URUKUNNU EBEN EZER MAR THOMA CHURCH,Urukunnu
KOTTARAKKARA - PUNALUR DIOCESE,,VALAKOM MAR THOMA VALIYAPALLY,Valakom
KOTTARAKKARA - PUNALUR DIOCESE,,VALAKOM ST THOMAS MAR THOMA CHURCH,Valakom
KOTTARAKKARA - PUNALUR DIOCESE,,VALIYODE SALEM MAR THOMA CHURCH,Valiyode Valiyode
KOTTARAKKARA - PUNALUR DIOCESE,,VATTAMON HOREB MAR THOMA CHURCH,Kollam
KOTTARAKKARA - PUNALUR DIOCESE,,VELLOORKONAM ST THOMAS MAR THOMA CHURCH,Mancha
KOTTARAKKARA - PUNALUR DIOCESE,,VETTIKKAVALA ST PAULS MAR THOMA CHURCH,Vettikkavala
KOTTARAKKARA - PUNALUR DIOCESE,,VILAKKUVATTOM MAR THOMA CHURCH,Vilakkuvattom
KOTTARAKKARA - PUNALUR DIOCESE,,VILANGARA SALEM MAR THOMA CHURCH,Plappally
KOTTARAKKARA - PUNALUR DIOCESE,,VILANGARA ST THOMAS MAR THOMA  CHURCH,Plapally
KOTTARAKKARA - PUNALUR DIOCESE,,VILAYANTHOOR EBENEZER MAR THOMA CHURCH,Nellikunnam
KOTTARAKKARA - PUNALUR DIOCESE,,VILLOOR SALEM MAR THOMA CHURCH,Chengamanad
KOTTARAKKARA - PUNALUR DIOCESE,,VITHURA BETHEL MAR THOMA CHURCH,Vithura
KOTTAYAM - KOCHI DIOCESE,,ALWAYE ST PETERS MAR THOMA CHURCH,U.C.College
KOTTAYAM - KOCHI DIOCESE,,ALWAYE ST THOMAS MAR THOMA CHURCH,Aluva
KOTTAYAM - KOCHI DIOCESE,,AMALAGIRI ST JOHNS MAR THOMA CHURCH,Ammancherry
KOTTAYAM - KOCHI DIOCESE,,AMBALAMEDU SINAI MAR THOMA CHURCH,Thiruvamkulam
KOTTAYAM - KOCHI DIOCESE,,ANAKKARA ST PAULS MAR THOMA CHURCH,Chellarcoil
KOTTAYAM - KOCHI DIOCESE,,ANCHERY CHRISTOS MAR THOMA CHURCH,Pariyaram
KOTTAYAM - KOCHI DIOCESE,,ANGAMALY ST STEPHENS MAR THOMA CHURCH,Angamaly
KOTTAYAM - KOCHI DIOCESE,,ANICADU AROHANAM MAR THOMA CHURCH,Anicadu
KOTTAYAM - KOCHI DIOCESE,,ANICADU ST THOMAS MAR THOMA CHURCH,Nooronmmavu
KOTTAYAM - KOCHI DIOCESE,,AYAKKADU MAR THOMA CHURCH,Ayakkadu Thrikkariyoor
KOTTAYAM - KOCHI DIOCESE,,AYMANAM HERMON MAR THOMA CHURCH,Mariyathuruthu
KOTTAYAM - KOCHI DIOCESE,,BAHRAIN MAR THOMA PARISH,
KOTTAYAM - KOCHI DIOCESE,,BAHRAIN ST PAULS MAR THOMA CHURCH,
KOTTAYAM - KOCHI DIOCESE,,CHAKKUPALLAM IMMANUEL MAR THOMA CHURCH,Anakkara
KOTTAYAM - KOCHI DIOCESE,,CHALAKUDY ST PAULS MAR THOMA CHURCH,Chalakudy
KOTTAYAM - KOCHI DIOCESE,,CHANGANASSERRY ST THOMAS MAR THOMA CHURCH,Changanacherry
KOTTAYAM - KOCHI DIOCESE,,CHELAKOMBU ST JOHNS MAR THOMA CHURCH,Chelakombu Chelakombu
KOTTAYAM - KOCHI DIOCESE,,CUMBAMMETTU EBEN EZER MAR THOMA CHURCH,Cumbumbettu
KOTTAYAM - KOCHI DIOCESE,,ELAMKULAM JERUSALEM MAR THOMA CHURCH,Kadavanthra
KOTTAYAM - KOCHI DIOCESE,,ELAPPARA SALEM MAR THOMA CHURCH,Elappara
KOTTAYAM - KOCHI DIOCESE,,ELOOR ST THOMAS MAR THOMA CHURCH,Udyogmandal
KOTTAYAM - KOCHI DIOCESE,,ERICADU MORIA MAR THOMA CHURCH,Puthuppally
KOTTAYAM - KOCHI DIOCESE,,ERNAKULAM SALEM MAR THOMA CHURCH,Ernakulam
KOTTAYAM - KOCHI DIOCESE,,EZHUMATTOOR ST THOMAS MAR THOMA CHURCH,Ezhumatoor
KOTTAYAM - KOCHI DIOCESE,,ILLITHODU ST THOMAS MAR THOMA CHURCH,Malayattoor
KOTTAYAM - KOCHI DIOCESE,,KAKKANAD CHRISTOS MAR THOMA CHURCH,Kakkanadu
KOTTAYAM - KOCHI DIOCESE,,KALAMASSERY ST THOMAS MAR THOMA CHURCH,Kalamassery
KOTTAYAM - KOCHI DIOCESE,,KALLAR ST THOMAS MAR THOMA CHURCH,Kallar
KOTTAYAM - KOCHI DIOCESE,,KANAM ST THOMAS MAR THOMA CHURCH,Kanam
KOTTAYAM - KOCHI DIOCESE,,KANGAZHA BETHELEHEM MAR THOMA CHURCH,Kangazha Kottayam
KOTTAYAM - KOCHI DIOCESE,,KARAMALA EBENEZER MAR THOMA CHURCH,Karamala Mallappally Pathanamthitta
KOTTAYAM - KOCHI DIOCESE,,KARIKODE MAR THOMA CHURCH,Karikode
KOTTAYAM - KOCHI DIOCESE,,KARTHAMANGAL ST PAULS MAR THOMA CHURCH,Vennikulam
KOTTAYAM - KOCHI DIOCESE,,KARUKACHAL ST THOMAS MAR THOMA CHURCH,Karukachal
KOTTAYAM - KOCHI DIOCESE,,KATTAPPANA BETHEL MAR THOMA CHURCH,Vellayamkudy
KOTTAYAM - KOCHI DIOCESE,,KEEZHILLOM NAZRETH MAR THOMA CHURCH,Keezhillam
KOTTAYAM - KOCHI DIOCESE,,KEEZHVAIPUR JERUSALEM MAR THOMA CHURCH,Keezhuvaipur
KOTTAYAM - KOCHI DIOCESE,,KEEZHVAIPUR ST THOMAS MAR THOMA CHURCH,Keezhvaipur
KOTTAYAM - KOCHI DIOCESE,,KOCHARA NAZERETH MAR THOMA CHURCH,Kochara
KOTTAYAM - KOCHI DIOCESE,,KOCHI ST GEORGE MAR THOMA CHURCH,Fort Kochi
KOTTAYAM - KOCHI DIOCESE,,KOLENCHERRY ST THOMAS MAR THOMA CHURCH,Kolencherry
KOTTAYAM - KOCHI DIOCESE,,KOLLAD BETHLEHEM MAR THOMA CHURCH,Kollad
KOTTAYAM - KOCHI DIOCESE,,KOOTHRAPPALLY JERUSALEM MAR THOMA CHURCH,Kottayam
KOTTAYAM - KOCHI DIOCESE,,KORATTI ZION MAR THOMA CHURCH,Koratty Koratty South
KOTTAYAM - KOCHI DIOCESE,,KOTHAMANGALAM ST THOMAS MAR THOMA CHURCH,Kothamangalam Ernakulam
KOTTAYAM - KOCHI DIOCESE,,KOTTAYAM JERUSALEM MAR THOMA CHURCH,Kottayam
KOTTAYAM - KOCHI DIOCESE,,KOTTAYAM ST THOMAS MAR THOMA CHURCH,Kottayam
KOTTAYAM - KOCHI DIOCESE,,KRARIELY IMMANUEL MAR THOMA CHURCH,Kombanadu
KOTTAYAM - KOCHI DIOCESE,,KUMILY ST PETERS MAR THOMA CHURCH,Kumaly
KOTTAYAM - KOCHI DIOCESE,,KUTTAMPUZHA ST STEPHENS MAR THOMA CHURCH,Kuttampuzha
KOTTAYAM - KOCHI DIOCESE,,MALLAPPALLY MAR THOMA CHURCH,Keezhvaipoor P O Mallappally
KOTTAYAM - KOCHI DIOCESE,,MALLAPPALLY SEHION MAR THOMA CHURCH,Mallappally North
KOTTAYAM - KOCHI DIOCESE,,MALLAPPALLY ST ANDREWS MAR THOMA CHURCH,Pariyaram
KOTTAYAM - KOCHI DIOCESE,,MAMALA JERUSALEM MAR THOMA CHURCH,Mamala
KOTTAYAM - KOCHI DIOCESE,,MAMALAKANDAM ST JOHNS MAR THOMA CHURCH,Vadattupara
KOTTAYAM - KOCHI DIOCESE,,MANGANAM CHEMARAPPALLY BETHEL MAR THOMA CHURCH,Chemmarappally Manganam
KOTTAYAM - KOCHI DIOCESE,,MANGANAM ST PETERS MAR THOMA CHURCH,Kottayam
KOTTAYAM - KOCHI DIOCESE,,MANJATHANAM JERUSALEM MAR THOMA CHURCH,Pathanamthitta
KOTTAYAM - KOCHI DIOCESE,,MANKULAM JERUSALEM MAR THOMA CHURCH,Mankulam
KOTTAYAM - KOCHI DIOCESE,,MATHAIPARA ST MATHEWS MAR THOMA CHURCH,Mathaippara
KOTTAYAM - KOCHI DIOCESE,,MEENADOM SALEM MAR THOMA CHURCH,Kottayam
KOTTAYAM - KOCHI DIOCESE,,METHALA IMMANUEL MAR THOMA CHURCH,Methala
KOTTAYAM - KOCHI DIOCESE,,MOOLAMATTOM ST THOMAS MAR THOMA CHURCH,Muttom
KOTTAYAM - KOCHI DIOCESE,,MULAKKULAM CHRIST MAR THOMA CHURCH,Mulakulam Mulakulam
KOTTAYAM - KOCHI DIOCESE,,MUNDAKAYAM BETHEL MAR THOMA CHURCH,Mundakayam
KOTTAYAM - KOCHI DIOCESE,,MUNDATHANAM IMMANUEL MAR THOMA CHURCH KANGAZHA,Kangazha Kottayam
KOTTAYAM - KOCHI DIOCESE,,MUNNAR ST THOMAS MAR THOMA CHURCH,Munnar Idukky
KOTTAYAM - KOCHI DIOCESE,,NARAKATHANY SALEM MAR THOMA CHURCH,Narakathani
KOTTAYAM - KOCHI DIOCESE,,NATTAKOM JERUSALEM MAR THOMA CHURCH,Kottayam
KOTTAYAM - KOCHI DIOCESE,,NATTASSERY ST PAULS MAR THOMA CHURCH,Nattasserry
KOTTAYAM - KOCHI DIOCESE,,NEDUMKANDAM IMMANUEL MAR THOMA CHURCH,Nedumkandom
KOTTAYAM - KOCHI DIOCESE,,NELLIMATTOM BETHEL MAR THOMA CHURCH,Nellimattom
KOTTAYAM - KOCHI DIOCESE,,PALA ST PAULS MAR THOMA CHURCH,Pala
KOTTAYAM - KOCHI DIOCESE,,PALARIVATTOM SHARON MAR THOMA CHURCH,Palarivattom
KOTTAYAM - KOCHI DIOCESE,,PAMBAKKUDA IMMANUEL MAR THOMA CHURCH,Pampakuda
KOTTAYAM - KOCHI DIOCESE,,PAMPADY SALEM MAR THOMA CHURCH,South Pampady
KOTTAYAM - KOCHI DIOCESE,,PAMPADY SEHION MAR THOMA CHURCH,Kottayam Kottyam
KOTTAYAM - KOCHI DIOCESE,,PAMPANAR ST GEORGE MAR THOMA CHURCH,Kumaly
KOTTAYAM - KOCHI DIOCESE,,PARAKKATHANAM ST THOMAS MAR THOMA CHURCH,Perumpramavu
KOTTAYAM - KOCHI DIOCESE,,PARAVOOR ST THOMAS MAR THOMA CHURCH,Paravur North
KOTTAYAM - KOCHI DIOCESE,,PERUMBAVOOR ST PAULS MAR THOMA CHURCH,Ernakulam
KOTTAYAM - KOCHI DIOCESE,,POIKA EBENEZER MAR THOMA CHURCH,Vadattupara
KOTTAYAM - KOCHI DIOCESE,,POTHANIKAD BETHEL MARTHOMA CHURCH,Pothanicad
KOTTAYAM - KOCHI DIOCESE,,PULIYANMALA ST. MARYS MAR THOMA CHURCH,Puliyanmala
KOTTAYAM - KOCHI DIOCESE,,PUNCHAVAYAL JERUSALEM MAR THOMA CHURCH,Mundakayam
KOTTAYAM - KOCHI DIOCESE,,PUNNAVELI ST THOMAS MAR THOMA CHURCH,Punnaveli P.O. Mallappally Pathanamthitta
KOTTAYAM - KOCHI DIOCESE,,PUNNEKKADU (MF),
KOTTAYAM - KOCHI DIOCESE,,PUTHUPARAMBU ST LUKES MAR THOMA CHURCH,Vadavathoor
KOTTAYAM - KOCHI DIOCESE,,PUTHUPPALLY ST PAULS HOREB MAR THOMA CHURCH,Puthuppally
KOTTAYAM - KOCHI DIOCESE,,PUTHUPPALLY ST. MARYS MAR THOMA CHURCH,Rubber Board
KOTTAYAM - KOCHI DIOCESE,,RAYAMANGALAM BETHELEHEM MAR THOMA CHURCH,Vaikara
KOTTAYAM - KOCHI DIOCESE,,SANTHIPURAM BETHEL MAR THOMA CHURCH,Santhipuram
KOTTAYAM - KOCHI DIOCESE,,THALAPPADY NAZRETH MAR THOMA CHURCH,Rubber Board
KOTTAYAM - KOCHI DIOCESE,,THELLIYOOR CHRISTOSE MAR THOMA CHURCH,Thelliyoor
KOTTAYAM - KOCHI DIOCESE,,THELLIYOOR SALEM MAR THOMA CHURCH,Valakuzhy
KOTTAYAM - KOCHI DIOCESE,,THENGODU IMMANUEL MAR THOMA CHURCH,Thengode
KOTTAYAM - KOCHI DIOCESE,,THIRUVANKULAM IMMANUEL MAR THOMA CHURCH,Thiruvamkulam
KOTTAYAM - KOCHI DIOCESE,,THIRUVARPU SALEM MAR THOMA CHURCH,Thiruvarpu
KOTTAYAM - KOCHI DIOCESE,,THODUPUZHA ST THOMAS MAR THOMA CHURCH,Muttom
KOTTAYAM - KOCHI DIOCESE,,THOTTAKADU THABORE MAR THOMA CHURCH,Thottackadu
KOTTAYAM - KOCHI DIOCESE,,THURUTHICADU MAR THOMA CHURCH,Thuruthicad
KOTTAYAM - KOCHI DIOCESE,,ULLAYAM IMMANUEL MAR THOMA CHURCH,Kadayanickadu
KOTTAYAM - KOCHI DIOCESE,,VADATTUPARA SALEM MAR THOMA CHURCH,Vadattupara
KOTTAYAM - KOCHI DIOCESE,,VADAVATHOOR ST STEPHENS MAR THOMA CHURCH,Kottayam
KOTTAYAM - KOCHI DIOCESE,,VAKATHANAM IMMANUEL MAR THOMA CHURCH,Mar Thoma Church Vakathanam
KOTTAYAM - KOCHI DIOCESE,,VALAKOM  [ K K ] MAR THOMA CHURCH,Kunnackal
KOTTAYAM - KOCHI DIOCESE,,VALANKARA EBENEZER MAR THOMA CHURCH,Vennikulam
KOTTAYAM - KOCHI DIOCESE,,VANDENMEDU ST THOMAS MAR THOMA CHURCH,Mar Thoma Church Vandanmettu
KOTTAYAM - KOCHI DIOCESE,,VANDIPERIYAR MAR THOMA CHURCH,Vallakadavu
KOTTAYAM - KOCHI DIOCESE,,VAZHAKULAM EBENEZER MAR THOMA CHURCH,South Vazhakulam
KOTTAYAM - KOCHI DIOCESE,,VAZHOOR EBENEZER MAR THOMA CHURCH,Pullickal Kavala
KOTTAYAM - KOCHI DIOCESE,,VAZHOOR ST GEORGE MAR THOMA CHURCH,Vazhoor East
KOTTAYAM - KOCHI DIOCESE,,VELLATHOOVAL BETHEL MAR THOMA CHURCH,Vellathooval
KOTTAYAM - KOCHI DIOCESE,,VENGAZHA ST JOHNS MAR THOMA CHURCH,Ezhumattoor
KOTTAYAM - KOCHI DIOCESE,,VENGOLA BETHEL MAR THOMA CHURCH,West Vengola
KOTTAYAM - KOCHI DIOCESE,,VENGOOR JERUSALEM MAR THOMA CHURCH,Vengoor
KOTTAYAM - KOCHI DIOCESE,,VENNIKULAM SALEM MAR THOMA CHURCH,Thelliyoor
KUNNAMKULAM - MALABAR DIOCESE,,ANAKULAM ZEHION MAR THOMA CHURCH,Peruvannamuzhy(Via
KUNNAMKULAM - MALABAR DIOCESE,,ARABI AROHANAM MAR THOMA CHURCH,Arabi
KUNNAMKULAM - MALABAR DIOCESE,,ARTHAT KUNNAMKULAM MAR THOMA CHURCH,Kunnamkulam
KUNNAMKULAM - MALABAR DIOCESE,,BEDERI ST THOMAS MAR THOMA CHURCH (VADUVANCHAL),Vaduvanchal
KUNNAMKULAM - MALABAR DIOCESE,,CHALICKAL IMMANUEL MAR THOMA CHURCH,Moothedam
KUNNAMKULAM - MALABAR DIOCESE,,CHALISSERY MAR THOMA CHURCH,Chalisserri
KUNNAMKULAM - MALABAR DIOCESE,,CHANTHAKUNNU ST PAULS MAR THOMA CHURCH,Chandakunnu
KUNNAMKULAM - MALABAR DIOCESE,,CHEMBANODU CARMEL,Chembanoda Chengaroth
KUNNAMKULAM - MALABAR DIOCESE,,CHENGAROTHU IMMANUEL MAR THOMA CHURCH,Chengaroth
KUNNAMKULAM - MALABAR DIOCESE,,CHERUPUZHA JERUSALEM MAR THOMA CHURCH,Cherupuzha
KUNNAMKULAM - MALABAR DIOCESE,,CHOKKADU ST THOMAS MAR THOMA CHURCH,Chokkad
KUNNAMKULAM - MALABAR DIOCESE,,CHOORIYODE BETHEL MAR THOMA CHURCH,Perumbadari
KUNNAMKULAM - MALABAR DIOCESE,,CHUNDAL ST PETERS MAR THOMA CHURCH,Chundale
KUNNAMKULAM - MALABAR DIOCESE,,CHUNGATHARA SALEM MAR THOMA CHURCH,Chungathara
KUNNAMKULAM - MALABAR DIOCESE,,COYALMANNAM EBENEZER MAR THOMA CHURCH,Palakkad
KUNNAMKULAM - MALABAR DIOCESE,,EDAKARA IMMANUEL MAR THOMA CHURCH,Munda
KUNNAMKULAM - MALABAR DIOCESE,,ERUMAYOOR ST THOMAS MAR THOMA CHURCH,Erumayoor Erimayoor
KUNNAMKULAM - MALABAR DIOCESE,,GUDALUR ST THOMAS MAR THOMA CHURCH,Gudalur Bazar
KUNNAMKULAM - MALABAR DIOCESE,,KADAVALOOR ST PAULS MAR THOMA CHURCH,Kadavallur Kadavallur
KUNNAMKULAM - MALABAR DIOCESE,,KAIPPANI BETHEL MAR THOMA CHURCH,Chungathara
KUNNAMKULAM - MALABAR DIOCESE,,KALLADIKODE ST PETERS MAR THOMA CHURCH,Thachampara
KUNNAMKULAM - MALABAR DIOCESE,,KANNARA PEECHI ST THOMAS MAR THOMA CHURCH,Kannara Peechi Kannara
KUNNAMKULAM - MALABAR DIOCESE,,KANNUR IMMANUEL MAR THOMA CHURCH,South Bazaar
KUNNAMKULAM - MALABAR DIOCESE,,KARARA HOREB MAR THOMA CHURCH (ATTAPPADI),Thavalam
KUNNAMKULAM - MALABAR DIOCESE,,KARIMBA ST THOMAS MAR THOMA CHURCH,Karimba
KUNNAMKULAM - MALABAR DIOCESE,,KARUNECHI SEHION MAR THOMA CHURCH,Malappuram
KUNNAMKULAM - MALABAR DIOCESE,,KASARGOD ST THOMAS MAR THOMA CHURCH,Chengala
KUNNAMKULAM - MALABAR DIOCESE,,KATTIPOYIL CARMEL MAR THOMA CHURCH,Meenmutty
KUNNAMKULAM - MALABAR DIOCESE,,KATTUKAMPEL CARMEL MAR THOMA CHURCH,Kattukambal
KUNNAMKULAM - MALABAR DIOCESE,,KATTUMUNDA ZEHION MAR THOMA CHURCH,Naduvath
KUNNAMKULAM - MALABAR DIOCESE,,KELAKOM IMMANUEL MAR THOMA CHURCH,Kelakom
KUNNAMKULAM - MALABAR DIOCESE,,KOLITHATTU HERMON MAR THOMA CHURCH,Iritty
KUNNAMKULAM - MALABAR DIOCESE,,KOOTTAPPADI EBENEZER MAR THOMA CHURCH,Malappuram
KUNNAMKULAM - MALABAR DIOCESE,,KOZHIKKODE ST PAULS MAR THOMA CHURCH,Calicut
KUNNAMKULAM - MALABAR DIOCESE,,KOZHIKODU THENHIPALAM BETHEL MAR THOMA CHURCH,Tenhipalam
KUNNAMKULAM - MALABAR DIOCESE,,MALAPPURAM JERUSALEM MAR THOMA CHURCH,Malappuram
KUNNAMKULAM - MALABAR DIOCESE,,MAMPATTA ST. THOMAS MAR THOMA CHURCH,Mukkam
KUNNAMKULAM - MALABAR DIOCESE,,MANNARKADU JERUSALEM MAR THOMA CHURCH,Perumbadari
KUNNAMKULAM - MALABAR DIOCESE,,MAVOOR CONGREGATION,Thenhipalam
KUNNAMKULAM - MALABAR DIOCESE,,MOOKKUTHALA SALEM MAR THOMA CHURCH,Kunnamkulam
KUNNAMKULAM - MALABAR DIOCESE,,MOOTHEDAM EBENEZER MAR THOMA CHURCH,Moothedom
KUNNAMKULAM - MALABAR DIOCESE,,MUNDOOR JERUSALEM MAR THOMA CHURCH,Ezhakkad
KUNNAMKULAM - MALABAR DIOCESE,,MUTHUKULAM CHRISTOSE MAR THOMA CHURCH,Bhoodan Colony
KUNNAMKULAM - MALABAR DIOCESE,,NEDUVALOOR BETHEL MAR THOMA CHURCH,Chuzhali
KUNNAMKULAM - MALABAR DIOCESE,,NELLIKUNNU SALEM MAR THOMA CHURCH,Nellikunnu
KUNNAMKULAM - MALABAR DIOCESE,,NILAMBUR ST THOMAS MAR THOMA CHURCH,Nilambur
KUNNAMKULAM - MALABAR DIOCESE,,OLAVACODE CHRIST MAR THOMA CHURCH,Olavakkodu
KUNNAMKULAM - MALABAR DIOCESE,,PAKKULAM CARMEL MAR THOMA CHURCH,Pakkulam
KUNNAMKULAM - MALABAR DIOCESE,,"PALAKKAD ST THOMAS MAR THOMA CHURCH,",Palakkad
KUNNAMKULAM - MALABAR DIOCESE,,PALANKARA HOREB MAR THOMA CHURCH,Palankara
KUNNAMKULAM - MALABAR DIOCESE,,PANAMANNA IMMANUEL MAR THOMA CHURCH,Pallikuthu
KUNNAMKULAM - MALABAR DIOCESE,,PARAPPA EBENEZER MAR THOMA CHURCH,Chengala
KUNNAMKULAM - MALABAR DIOCESE,,PAYYANNOOR BETHEL MAR THOMA CHURCH,Edat
KUNNAMKULAM - MALABAR DIOCESE,,PAZHANJI IMMANUEL MAR THOMA CHURCH,Pazhanji Pazhanji
KUNNAMKULAM - MALABAR DIOCESE,,PENGAMUKKU ST THOMAS MAR THOMA CHURCH,Pengamukku
KUNNAMKULAM - MALABAR DIOCESE,,PERINTHALMANNA ST THOMAS MAR THOMA CHURCH,Angadipuram
KUNNAMKULAM - MALABAR DIOCESE,,PONNANI SALEM MAR THOMA CHURCH,Ponnani Chalisseri
KUNNAMKULAM - MALABAR DIOCESE,,PULIKKAYAM IMMANUEL MAR THOMA CHURCH,Meenmutty
KUNNAMKULAM - MALABAR DIOCESE,,PULLENCHERRY BETHEL MAR THOMA CHURCH,Nallamthanny
KUNNAMKULAM - MALABAR DIOCESE,,PUTHUPADY EBENEZER MAR THOMA CHURCH,Puthuppady
KUNNAMKULAM - MALABAR DIOCESE,,SHARJAH MAR THOMA PARISH,Sharjah
KUNNAMKULAM - MALABAR DIOCESE,,SHORNUR IMMANUEL MAR THOMA CHURCH,Shornur
KUNNAMKULAM - MALABAR DIOCESE,,SULTAN BETHERI JERUSALEM MAR THOMA CHURCH,Kappadi
KUNNAMKULAM - MALABAR DIOCESE,,THACHAMPARA TABORE MAR THOMA CHURCH,Thachampara
KUNNAMKULAM - MALABAR DIOCESE,,THALASERRY CONGREGATION,South Bazaar
KUNNAMKULAM - MALABAR DIOCESE,,THAMARASSERY ST PETERS MAR THOMA CHURCH,Thamarasserry
KUNNAMKULAM - MALABAR DIOCESE,,THANIPPADAM SALEM MAR THOMA CHURCH,Poovanchira
KUNNAMKULAM - MALABAR DIOCESE,,THRISSUR EBENEZER MAR THOMA CHURCH,East Fort
KUNNAMKULAM - MALABAR DIOCESE,,VADAKKENCHERY HERMON MAR THOMA CHURCH,Vadakkancherry
KUNNAMKULAM - MALABAR DIOCESE,,VALLITHODE SALEM MAR THOMA CHURCH,Mananthavady
KUNNAMKULAM - MALABAR DIOCESE,,VAZHIKKADAVU BETHEL MAR THOMA CHURCH,Vazhikkadavu
KUNNAMKULAM - MALABAR DIOCESE,,VELIKKADU IMMANUEL MAR THOMA CHURCH,Vellikkattu Palghat
MALAYSIA - SINGAPORE - AUS - NZ DIOCESE,,ADELAIDE MAR THOMA CHURCH,South Australia - 5
MALAYSIA - SINGAPORE - AUS - NZ DIOCESE,,AUCKLAND ST THOMAS MAR THOMA CHURCH,
MALAYSIA - SINGAPORE - AUS - NZ DIOCESE,,BANTING MAR THOMA CHURCH,Banting
MALAYSIA - SINGAPORE - AUS - NZ DIOCESE,,BRISBANE MAR THOMA CHURCH,Brisbane
MALAYSIA - SINGAPORE - AUS - NZ DIOCESE,,CANBERRA MAR THOMA CHURCH,
MALAYSIA - SINGAPORE - AUS - NZ DIOCESE,,"CHRISTCHURCH MARTHOMA CHURCH,NEW ZEALAND",
MALAYSIA - SINGAPORE - AUS - NZ DIOCESE,,HAMILTON TRINITY MAR THOMA CHURCH,Hamilton
MALAYSIA - SINGAPORE - AUS - NZ DIOCESE,,IPOH MAR THOMA CHURCH,
MALAYSIA - SINGAPORE - AUS - NZ DIOCESE,,JOHOR BAHRU ST.PETERS MAR THOMA CHURCH,Taman Dato Onn
MALAYSIA - SINGAPORE - AUS - NZ DIOCESE,,KLANG ST THOMAS MAR THOMA CHURCH,Klang
MALAYSIA - SINGAPORE - AUS - NZ DIOCESE,,KLUANG ST PAULS MAR THOMA CHURCH,Kluang
MALAYSIA - SINGAPORE - AUS - NZ DIOCESE,,KUALA LUMPUR ST. THOMAS MAR THOMA CHURCH,Kuala Lumpur
MALAYSIA - SINGAPORE - AUS - NZ DIOCESE,,LABIS ST THOMAS MAR THOMA CHURCH,Labis
MALAYSIA - SINGAPORE - AUS - NZ DIOCESE,,MALACCA MAR THOMA CHURCH,Melaka
MALAYSIA - SINGAPORE - AUS - NZ DIOCESE,,MELBOURNE IMMANUEL MAR THOMA CHURCH,Dadenong North Vic-3
MALAYSIA - SINGAPORE - AUS - NZ DIOCESE,,MELBOURNE MAR THOMA CHURCH,Vic - 3
MALAYSIA - SINGAPORE - AUS - NZ DIOCESE,,NEW CASTLE ST MARKS MAR THOMA CHURCH,New Castle
MALAYSIA - SINGAPORE - AUS - NZ DIOCESE,,NEW ZEALAND ST. THOMAS,
MALAYSIA - SINGAPORE - AUS - NZ DIOCESE,,PENANG MAR THOMA CHURCH,
MALAYSIA - SINGAPORE - AUS - NZ DIOCESE,,PERTH MAR THOMA PARISH,Western Australia -6
MALAYSIA - SINGAPORE - AUS - NZ DIOCESE,,SEREMBAN,Malayasia
MALAYSIA - SINGAPORE - AUS - NZ DIOCESE,,SINGAPORE MAR THOMA SYRIAN CHURCH,
MALAYSIA - SINGAPORE - AUS - NZ DIOCESE,,SUNGEI PATANI MAR THOMA CHURCH,
MALAYSIA - SINGAPORE - AUS - NZ DIOCESE,,SYDNEY BETHEL MAR THOMA CHURCH,New South Walesâ 2
MALAYSIA - SINGAPORE - AUS - NZ DIOCESE,,TAIPING MAR THOMA CHURCH,
MALAYSIA - SINGAPORE - AUS - NZ DIOCESE,,WELLINGTON IMMANUEL MAR THOMA CHURCH,Wellington
MUMBAI DIOCESE,,AHMEDABAD JERUSALEM MAR THOMA CHURCH,Bopal Village Road
MUMBAI DIOCESE,,AHMEDABAD MAR THOMA CHURCH,Ahamadabad
MUMBAI DIOCESE,,AMBERNATH JERUSALEM MAR THOMA CHURCH,Thane
MUMBAI DIOCESE,,ANAND ST THOMAS MAR THOMA CHURCH,Vallabh Vidyanagar
MUMBAI DIOCESE,,ANKLESHWAR JERUSALEM MAR THOMA CHURCH,G.I.D.C
MUMBAI DIOCESE,,AURANGABAD IMMANUEL MAR THOMA CHURCH,Aurangabad
MUMBAI DIOCESE,,BARODA BETHEL MAR THOMA CHURCH,Vadodara
MUMBAI DIOCESE,,BARODA MAR THOMA CHURCH,
MUMBAI DIOCESE,,BASSEIN ROAD ST THOMAS MAR THOMA CHURCH,Vasai Road West
MUMBAI DIOCESE,,BHARUCH IMMMANUEL MAR THOMA CHURCH,Bharuch
MUMBAI DIOCESE,,BHAVNAGAR MAR THOMA CHURCH,Bhavnagar
MUMBAI DIOCESE,,BHUJ MAR THOMA CHURCH,Bhuj
MUMBAI DIOCESE,,BOMBAY ST THOMAS (SANTACRUZ) MAR THOMA CHURCH,Santacruz West
MUMBAI DIOCESE,,BORIVILI IMMANUEL MAR THOMA CHURCH,Kandarpada
MUMBAI DIOCESE,,CHEMBUR MAR THOMA CHURCH,India
MUMBAI DIOCESE,,COLABA SALEM MAR THOMA CHURCH,Navi Mumbai
MUMBAI DIOCESE,,DADAR MAR THOMA CHURCH,Mumbai
MUMBAI DIOCESE,,"DAMMAM MAR THOMA CHURCH, SAUDI ARABIA",
MUMBAI DIOCESE,,DEHUROAD EBENEZER MAR THOMA CHURCH,Pune
MUMBAI DIOCESE,,DOMBIVILY EBENEZER MAR THOMA CHURCH,Dombivli East
MUMBAI DIOCESE,,GANDHI DHAM MAR THOMA CHURCH,Gandhidham
MUMBAI DIOCESE,,GANDHINAGAR IMMANUEL MAR THOMA CHURCH,Sector
MUMBAI DIOCESE,,GOREGAON ST PETERS MAR THOMA CHURCH,Goregaon (W
MUMBAI DIOCESE,,JAMNAGAR MAR THOMA SYRIAN CHURCH,Bedeswar
MUMBAI DIOCESE,,JAWAHAR NAGAR MAR THOMA CONGREGATION,
MUMBAI DIOCESE,,KALEWADI ST. STEPHENS MAR THOMA CHURCH,Kalewadi
MUMBAI DIOCESE,,KALYAN EAST ST ANDREWS MAR THOMA CHURCH,Kate Mani Vali
MUMBAI DIOCESE,,KALYAN WEST MAR THOMA SYRIAN CHURCH,Kalyan W
MUMBAI DIOCESE,,KHARGHAR ST THOMAS MAR THOMA CHURCH,Navi Mumbai
MUMBAI DIOCESE,,KIRKEE ST JOHNS MAR THOMA CHURCH,Pune
MUMBAI DIOCESE,,KOLHAPUR MAR THOMA CONGREGATION,Kholhapur Kholapur
MUMBAI DIOCESE,,MALAD BETHEL (BOMBAY) MAR THOMA CHURCH,Malad West
MUMBAI DIOCESE,,MARGAO ST PETERS MAR THOMA CHURCH,Ponda
MUMBAI DIOCESE,,MAROL ST STEPHENS MAR THOMA CHURCH,Marol
MUMBAI DIOCESE,,MEHSANA MAR THOMA CHURCH,Ahmedabad
MUMBAI DIOCESE,,MIRA – BHAYANDAR ST JOHNS MAR THOMA CHURCH,Mira Road
MUMBAI DIOCESE,,MODASSA MAR THOMA CHURCH,Bopal Village Road
MUMBAI DIOCESE,,MULUND CHRISTOS MAR THOMA CHURCH,Mulund West
MUMBAI DIOCESE,,NAGPUR MAR THOMA CHURCH,Parvathi Nagar
MUMBAI DIOCESE,,NALLOSOPARA JERUSALEM MAR THOMA CHURCH,Thane
MUMBAI DIOCESE,,NASIK ST THOMAS MAR THOMA CHURCH,Nasik Road
MUMBAI DIOCESE,,NERUL IMMANUEL MAR THOMA CHURCH,Navi Mumbai
MUMBAI DIOCESE,,OJHAR MAR THOMA CHURCH,Navi Mumbai
MUMBAI DIOCESE,,PANAJI ST THOMAS MAR THOMA CHURCH,Santa Cruz
MUMBAI DIOCESE,,PANVEL ST PETERS MAR THOMA CHURCH,New Panvel(E) Panvel H
MUMBAI DIOCESE,,PIMPRI CHINCHWAD ST THOMAS MAR THOMA CHURCH,Pimpri P F
MUMBAI DIOCESE,,PONDA BETHEL MAR THOMA CHURCH,Ponda
MUMBAI DIOCESE,,PUNE ST PETERS MAR THOMA CHURCH,India
MUMBAI DIOCESE,,RAJKOT MAR THOMA CHURCH,Bhomeswar
MUMBAI DIOCESE,,RATNAGIRI CONGREGATION,Wanowrie
MUMBAI DIOCESE,,SAKINAKA TRINITY MAR THOMA CHURCH,Vashi
MUMBAI DIOCESE,,SANGLI MIRAJ CONGREGATION,
MUMBAI DIOCESE,,SURAT SALEM MAR THOMA CHURCH,Surat
MUMBAI DIOCESE,,TARAPUR MAR THOMA CHURCH,Tapp
MUMBAI DIOCESE,,THANE MAR THOMA CHURCH,Thane (W
MUMBAI DIOCESE,,ULHASNAGAR ST JAMES MAR THOMA CHURCH,O.T.Section
MUMBAI DIOCESE,,VADODARA BETHEL MAR THOMA CHURCH,
MUMBAI DIOCESE,,VALSAD BETHEL MAR THOMA CHURCH,Valsad Valsad
MUMBAI DIOCESE,,VAPI MAR THOMA CHURCH,Vapi
MUMBAI DIOCESE,,VASCO EBENEZER MAR THOMA CHURCH,Santacruz
MUMBAI DIOCESE,,VASHI ST PAULS (NEW MUMBAI) MAR THOMA CHURCH,Navi Mumbai
MUMBAI DIOCESE,,VERAVEL ST PETERS MAR THOMA CHURCH,Bhediya
MUMBAI DIOCESE,,VIKHROLI MAR THOMA CHURCH,Mumbai
MUMBAI DIOCESE,,VIRAR CHRISTOSE MAR THOMA CHURCH,Thane
MUMBAI DIOCESE,,VISRANTHAWADI IMMANUEL MAR THOMA CHURCH,Dhanori
MUMBAI DIOCESE,,WAGLE ESTATE ST JOHNS [MUMBAI] MAR THOMA CHURCH,Wagle Estate
NIRANAM - MARAMON DIOCESE,,ALAPUZHA ST GEORGE MAR THOMA CHURCH,Near Y.M.C.A
NIRANAM - MARAMON DIOCESE,,AMALLOOR SEHION MAR THOMA CHURCH,Manjadi Jn
NIRANAM - MARAMON DIOCESE,,AMALLOOR ST JOHNS MAR THOMA CHURCH,Pathanamthitta
NIRANAM - MARAMON DIOCESE,,ANAMALA ST THOMAS MAR THOMA CHURCH,Pullad
NIRANAM - MARAMON DIOCESE,,ANAPRAMPAL MAR THOMA CHURCH,Edathua
NIRANAM - MARAMON DIOCESE,,ANAPRAMPAL ST MARK MAR THOMA CHURCH,Thalavady
NIRANAM - MARAMON DIOCESE,,ANJILITHANAM ST JOHNS MAR THOMA CHURCH,Anjilithanam
NIRANAM - MARAMON DIOCESE,,ANNAVATTOM EBENEZER MAR THOMA CHURCH,Kuttapuzha
NIRANAM - MARAMON DIOCESE,,CHATHENKERY ST PAULS MAR THOMA CHURCH,Chathenkary
NIRANAM - MARAMON DIOCESE,,CHENNAMKARY BETHENY MAR THOMA CHURCH,Chennamkary P.O. Alappuzha
NIRANAM - MARAMON DIOCESE,,CHENNAMKARY ST PAULS MAR THOMA CHURCH,Chennamkary Chennamkary
NIRANAM - MARAMON DIOCESE,,CHERUKOLE IMMANUEL MAR THOMA CHURCH,Cherukole
NIRANAM - MARAMON DIOCESE,,CHIRAYIRAMBU IMMANUEL MAR THOMA CHURCH,Chirayirambu
NIRANAM - MARAMON DIOCESE,,ERAVIPEROOR IMMANUEL MAR THOMA CHURCH,Eraviperoor P O Tiruvalla
NIRANAM - MARAMON DIOCESE,,ERUVELLIPRA CHRISTOS MAR THOMA CHURCH,Manjadi Jn
NIRANAM - MARAMON DIOCESE,,KALLOOPPARA BETHEL MAR THOMA CHURCH,Kallooppara
NIRANAM - MARAMON DIOCESE,,KALLOOPPARA ST THOMAS MAR THOMA CHURCH,Madathumbhagom North Puramattom
NIRANAM - MARAMON DIOCESE,,KALLUNKAL ST PAULS MAR THOMA CHURCH,Kallumkal
NIRANAM - MARAMON DIOCESE,,KARACKAL ST THOMAS MAR THOMA CHURCH,Karackal
NIRANAM - MARAMON DIOCESE,,KARIKUZHY SALEM MAR THOMA CHURCH,Karikuzhy
NIRANAM - MARAMON DIOCESE,,KATTODE BETHEL MAR THOMA CHURCH,Manjadi
NIRANAM - MARAMON DIOCESE,,KAVIYOOR IMMANUEL MAR THOMA CHURCH,Kottoor
NIRANAM - MARAMON DIOCESE,,KAVIYOOR MAR THOMA VALIYA PALLY,Anjilithanam
NIRANAM - MARAMON DIOCESE,,KAVIYOOR NJALBHAGOM SLEEBA MAR THOMA CHURCH,Kaviyoor
NIRANAM - MARAMON DIOCESE,,KAVIYOOR SALEM MAR THOMA CHURCH,Anjilithanam
NIRANAM - MARAMON DIOCESE,,KAVIYOOR ST PAULS MAR THOMA CHURCH,Anjilithanam
NIRANAM - MARAMON DIOCESE,,KAVUMBHAGOM EBENEZER MAR THOMA CHURCH,Kavumbhagom
NIRANAM - MARAMON DIOCESE,,KAVUNGUMPRAYAR ST THOMAS MAR THOMA CHURCH,Puramatom
NIRANAM - MARAMON DIOCESE,,KIZHAKKENMUTHOOR ST PAULS MAR THOMA CHURCH,Kuttappuzha
NIRANAM - MARAMON DIOCESE,,KOMPADY ST PETERS MAR THOMA CHURCH,Kombady Manjady
NIRANAM - MARAMON DIOCESE,,KOORTHAMALA  MAR THOMA CHURCH,Kadapra
NIRANAM - MARAMON DIOCESE,,KOZHENCHERRY ST THOMAS MAR THOMA CHURCH,Kozhencherry
NIRANAM - MARAMON DIOCESE,,KUMBANAD MAR THOMA VALIYAPALLY,Kumbanad-P.O. Pathanamthitta
NIRANAM - MARAMON DIOCESE,,KUMBANAD SALEM MAR  THOMA CHURCH,Kumbanadu
NIRANAM - MARAMON DIOCESE,,KUMBANAD ST THOMAS MAR THOMA CHURCH,Kumbanad Kumbanad
NIRANAM - MARAMON DIOCESE,,KUNNAM EMMANUEL MAR THOMA CHURCH,Poovathur
NIRANAM - MARAMON DIOCESE,,KURIANNOOR MAR THOMA CHURCH,Kuriannoor
NIRANAM - MARAMON DIOCESE,,KURIANNOOR SALEM MAR THOMA CHURCH,Kolabhagom
NIRANAM - MARAMON DIOCESE,,KURIANNOOR ST THOMAS MAR THOMA CHURCH,Kuriannur
NIRANAM - MARAMON DIOCESE,,KUTTAPUZHA JERUSALEM MAR THOMA CHURCH,Tiruvalla R.S
NIRANAM - MARAMON DIOCESE,,KUWAIT CITY MAR THOMA PARISH,Kuwait City
NIRANAM - MARAMON DIOCESE,,MARAMON MAR THOMA CHURCH,Maramon-(P.O) Kozhencherry Pathanamthitta
NIRANAM - MARAMON DIOCESE,,MELPADOM MAR THOMA CHURCH,Melpadom
NIRANAM - MARAMON DIOCESE,,MEMALA TABORE MAR THOMA CHURCH,Vennikulam
NIRANAM - MARAMON DIOCESE,,MEPRAL IMMANUEL MAR THOMA CHURCH,Mepral
NIRANAM - MARAMON DIOCESE,,MUKKANJIRAM ST STEPHENS MAR THOMA CHURCH,Pathanamthitta
NIRANAM - MARAMON DIOCESE,,MUNDIYAPPALLY ST THOMAS MAR THOMA CHURCH,Mundiyappally
NIRANAM - MARAMON DIOCESE,,MUTTAR CHRISTOSE MAR THOMA CHURCH,Muttar
NIRANAM - MARAMON DIOCESE,,NAKKADA ST PAULS MAR THOMA CHURCH,Nakkada Valanjavattom East
NIRANAM - MARAMON DIOCESE,,NEDUMPURAM CHRISTOS MAR THOMA CHURCH,Amichakary
NIRANAM - MARAMON DIOCESE,,NELLIMALA BETHEL MAR THOMA CHURCH,Thiruvalla Pathanamthitta
NIRANAM - MARAMON DIOCESE,,NELLIMALA ST JOHNS MAR THOMA CHURCH,Kumbanad
NIRANAM - MARAMON DIOCESE,,NIRANAM CHRISTOSE MAR THOMA CHURCH,Edathua
NIRANAM - MARAMON DIOCESE,,NIRANAM IMMANUEL MAR THOMA CHURCH,Niranam
NIRANAM - MARAMON DIOCESE,,NIRANAM JERUSALEM MAR THOMA CHURCH,Niranam
NIRANAM - MARAMON DIOCESE,,NIRANAM ST THOMAS MAR THOMA CHURCH,Niranam Central
NIRANAM - MARAMON DIOCESE,,PALAKKUNNU ST PAULS MAR THOMA CHURCH,Kolabhagam
NIRANAM - MARAMON DIOCESE,,PANDANKERY ST THOMAS MAR THOMA CHURCH,Pandankery North
NIRANAM - MARAMON DIOCESE,,PAREKKADU TABORE MAR THOMA CHURCH,Kuttapuzha
NIRANAM - MARAMON DIOCESE,,PERUMBARA SEHION MAR THOMA CHURCH,Perumbara
NIRANAM - MARAMON DIOCESE,,POOVATHOOR BETHEL MAR THOMA CHURCH,Pullad
NIRANAM - MARAMON DIOCESE,,POOVATHOOR PODIMALA MAR THOMA CHURCH,Poovathoor
NIRANAM - MARAMON DIOCESE,,POOVATHOOR ST PAULS MAR THOMA CHURCH,Varayannur
NIRANAM - MARAMON DIOCESE,,PULARIKAD ST MARKS MAR THOMA CHURCH,Pathanamthitta
NIRANAM - MARAMON DIOCESE,,PULLAD SEHION MAR THOMA CHURCH,Kurungazha
NIRANAM - MARAMON DIOCESE,,PUTHENKAVUMALA ST THOMAS MAR THOMA CHURCH,Vallamkulam
NIRANAM - MARAMON DIOCESE,,PUTHUSSERY SALEM MAR THOMA CHURCH,Pathanamthitta
NIRANAM - MARAMON DIOCESE,,PYNGALODI BETHEL MAR THOMA CHURCH,Paingalodi Kumbanad
NIRANAM - MARAMON DIOCESE,,THADIYOOR IMMANUEL MAR THOMA CHURCH,Thadiyoor
NIRANAM - MARAMON DIOCESE,,THALAVADY PADINJAREKKARA MAR THOMA CHURCH,Neerattupuram
NIRANAM - MARAMON DIOCESE,,THALAVADY ST JOHNS MAR THOMA CHURCH,Neerattupuram
NIRANAM - MARAMON DIOCESE,,THEVARCADU ST MATHEWS MAR THOMA CHURCH,Eraviperur
NIRANAM - MARAMON DIOCESE,,THEVERY ST MATHEWS MAR THOMA CHURCH,Pathanamthitta
NIRANAM - MARAMON DIOCESE,,THIRUMOOLAPURAM BETHANY MAR THOMA CHURCH,Thirumoolapuram
NIRANAM - MARAMON DIOCESE,,THONIPPARA IMMANUEL MAR THOMA CHURCH,Vennikulam
NIRANAM - MARAMON DIOCESE,,TIRUVALLA ST THOMAS MAR THOMA CHURCH,Thiruvalla
NIRANAM - MARAMON DIOCESE,,VALANJAVATTOM EBENEZER MAR THOMA CHURCH,Valanjavattom
NIRANAM - MARAMON DIOCESE,,VALLAMKULAM ST LUKE MAR THOMA CHURCH,Vallamkulam East
NIRANAM - MARAMON DIOCESE,,VARIKCADU SEHION MAR THOMA CHURCH,Kuttapuzha
NIRANAM - MARAMON DIOCESE,,VATTAKOTTAL CHRIST MAR THOMA CHURCH,Kumbanad
NIRANAM - MARAMON DIOCESE,,VELLARA EBENEZER MAR THOMA CHURCH,Vennikulam
NIRANAM - MARAMON DIOCESE,,VENGAL SALEM MAR THOMA CHURCH,Alamthuruthy
NIRANAM - MARAMON DIOCESE,,VETTIYAKONAM ST MATHEWS MAR THOMA CHURCH,Peringara
NORTH AMERICA DIOCESE,,ARIZONA PHOENIX MAR THOMA CHURCH,Phoenix
NORTH AMERICA DIOCESE,,ATLANTA HERMON MAR THOMA CHURCH,Atlanta
NORTH AMERICA DIOCESE,,ATLANTA MAR THOMA CHURCH,Ga
NORTH AMERICA DIOCESE,,AUSTIN MAR THOMA CHURCH,Austin
NORTH AMERICA DIOCESE,,BALTIMORE MAR THOMA CHURCH,Md
NORTH AMERICA DIOCESE,,BOSTON CARMEL MAR THOMA CHURCH,Hudson
NORTH AMERICA DIOCESE,,CALGARY ST THOMAS MAR THOMA CHURCH,Calgary
NORTH AMERICA DIOCESE,,CHICAGO MAR THOMA CHURCH,Il
NORTH AMERICA DIOCESE,,CHICAGO ST THOMAS MAR THOMA CHURCH,Illinois
NORTH AMERICA DIOCESE,,COLORADO HOREB MAR THOMA CHURCH,U S A
NORTH AMERICA DIOCESE,,CONNECTICUT JERUSALEM MAR THOMA CHURCH,
NORTH AMERICA DIOCESE,,DALLAS CARROLTON  MAR THOMA CHURCH,Dallas
NORTH AMERICA DIOCESE,,DALLAS CROSSWAY MAR THOMA CHURCH,
NORTH AMERICA DIOCESE,,DALLAS FARMERS BRANCH MAR THOMA CHURCH,Texas
NORTH AMERICA DIOCESE,,DALLAS SEHION MAR THOMA CHURCH,Dallas
NORTH AMERICA DIOCESE,,DALLAS ST PAULS MAR THOMA CHURCH,Tx
NORTH AMERICA DIOCESE,,DETROIT MAR THOMA CHURCH,Michigan
NORTH AMERICA DIOCESE,,EDMONTON TRINITY MAR THOMA CHURCH,Edmonton
NORTH AMERICA DIOCESE,,"FLORIDA ST LUKES MAR THOMA CHURCH, MARGATE",Florida
NORTH AMERICA DIOCESE,,"FLORIDA ST MARKS, TAMPA",Florida
NORTH AMERICA DIOCESE,,FRANKFORT BETHEL MAR THOMA CHURCH,Frankfort
NORTH AMERICA DIOCESE,,GREATER SEATTLE MAR THOMA CHURCH,Greater Seattle United States Of America
NORTH AMERICA DIOCESE,,HALIFAX BETHEL MAR THOMA CHURCH,Halifax
NORTH AMERICA DIOCESE,,HOUSTON IMMANUEL MAR THOMA CHURCH,Texas
NORTH AMERICA DIOCESE,,HOUSTON ST THOMAS MAR THOMA CHURCH,
NORTH AMERICA DIOCESE,,HOUSTON TRINITY MAR THOMA CHURCH,Houston Texas
NORTH AMERICA DIOCESE,,"HUDSTON VALLEY BETHANY, NY",
NORTH AMERICA DIOCESE,,INDIANAPOLIS MAR THOMA CONGREGATION,U S A
NORTH AMERICA DIOCESE,,INDIANAPOLIS ST THOMAS MAR THOMA CHURCH,Indianapolis
NORTH AMERICA DIOCESE,,IOWA CONGREGATION,U S A
NORTH AMERICA DIOCESE,,KANSAS MAR THOMA CHURCH,Kansas
NORTH AMERICA DIOCESE,,KINGSTON MAR THOMA CHURCH,Kingston
NORTH AMERICA DIOCESE,,LONDON (CANADA) JERUSALEM MAR THOMA CHURCH,On
NORTH AMERICA DIOCESE,,LONG ISLAND MAR THOMA CHURCH,New York
NORTH AMERICA DIOCESE,,LOS ANGELES HOREB MAR THOMA CHURCH,
NORTH AMERICA DIOCESE,,LOS ANGELES MAR THOMA CHURCH,Ca
NORTH AMERICA DIOCESE,,LOS ANGELES ST ANDREWS MAR THOMA CHURCH,Ca
NORTH AMERICA DIOCESE,,LUBBOCK EMMANUEL MAR THOMA CHURCH,Texas
NORTH AMERICA DIOCESE,,"MICHIGAN ST. JOHNS MAR THOMA CHURCH, DETROIT",Michigan
NORTH AMERICA DIOCESE,,MONTREAL MAR THOMA CHURCH,Montreal
NORTH AMERICA DIOCESE,,NEW JERSEY RANDOLPH MAR THOMA CHURCH,New Jersey
NORTH AMERICA DIOCESE,,NEW JERSEY ST PETERS MAR THOMA CHURCH,New Jersey
NORTH AMERICA DIOCESE,,NEW JERSEY ST STEPHENS MAR THOMA CHURCH,New Jersey
NORTH AMERICA DIOCESE,,NEW YORK BETHANY MAR THOMA CHURCH,New York
NORTH AMERICA DIOCESE,,NEW YORK EBENEZER MAR THOMA CHURCH,New York
NORTH AMERICA DIOCESE,,NEW YORK EPHIPHANY,New York
NORTH AMERICA DIOCESE,,NEW YORK ST ANDREWS MAR THOMA CHURCH,New York
NORTH AMERICA DIOCESE,,NEW YORK ST JAMES MAR THOMA CHURCH,New York
NORTH AMERICA DIOCESE,,NEW YORK ST JOHNS MAR THOMA CHURCH,Queens Village
NORTH AMERICA DIOCESE,,NEW YORK ST THOMAS MAR THOMA CHURCH,New York
NORTH AMERICA DIOCESE,,NORTH CAROLINA MAR THOMA CHURCH,Nc
NORTH AMERICA DIOCESE,,OKLAHOMA MAR THOMA CHURCH,Nyekker Avem
NORTH AMERICA DIOCESE,,"ORLANDO MAR THOMA CHURCH, FLORIDA",Florida
NORTH AMERICA DIOCESE,,OTTAWA MAR THOMA CHURCH,Ontario
NORTH AMERICA DIOCESE,,PHILADELPHIA ASCENSION MAR THOMA CHURCH,Philadelphia
NORTH AMERICA DIOCESE,,PHILADELPHIA BETHEL MAR THOMA CHURCH,Philadelphia
NORTH AMERICA DIOCESE,,PHILADELPHIA CHRISTOS MAR THOMA CHURCH,Philadelphia
NORTH AMERICA DIOCESE,,PHILADELPHIA MAR THOMA CHURCH,Philadelphia
NORTH AMERICA DIOCESE,,"PHILADELPHIA ST THOMAS, DELAWARE VALLEY",Philadelphia
NORTH AMERICA DIOCESE,,REDEEMER MAR THOMA CHURCH,Nj 07463
NORTH AMERICA DIOCESE,,"SALEM MAR THOMA CHURCH, EASTERN LONG ISLAND",New York
NORTH AMERICA DIOCESE,,SAN FRANCISCO MAR THOMA CHURCH,Ca
NORTH AMERICA DIOCESE,,SAN FRANSCISCO HOREB MAR THOMA CHURCH,
NORTH AMERICA DIOCESE,,SEATTLE MAR THOMA CHURCH,Washington State
NORTH AMERICA DIOCESE,,SILICON VALLEY MAR THOMA CHURCH,Ca
NORTH AMERICA DIOCESE,,SOUTH FLORIDA MAR THOMA CHURCH,Davie
NORTH AMERICA DIOCESE,,SOUTH JERSEY ST STEPHENS,
NORTH AMERICA DIOCESE,,ST LOUIS MAR THOMA CHURCH,
NORTH AMERICA DIOCESE,,STAFFORD IMANUEL MAR THOMA CHURCH,Stafford
NORTH AMERICA DIOCESE,,"STATEN ISLAND  MAR THOMA CHURCH, NEW YORK",Ny
NORTH AMERICA DIOCESE,,"STATEN ISLAND TABORE MAR THOMA CHURCH, NEW YORK",New York
NORTH AMERICA DIOCESE,,"TAMPA ST MARK MAR THOMA CHURCH, FLORIDA",Hillsborough County
NORTH AMERICA DIOCESE,,TORONTO CANADIAN MAR THOMA CHURCH,Ontario
NORTH AMERICA DIOCESE,,TORONTO ST. MATHEWS MAR THOMA CHURCH,Ontario
NORTH AMERICA DIOCESE,,VANCOUVER ST THOMAS MAR THOMA CHURCH,British Columbia
NORTH AMERICA DIOCESE,,VIRGINIA IMMANUEL MAR THOMA CHURCH,Virginia
NORTH AMERICA DIOCESE,,WASHINGTON MAR THOMA CHURCH,Washington
RANNI - NILACKAL DIOCESE,,ABU DHABI MAR THOMA CHURCH,Abu Dhabi
RANNI - NILACKAL DIOCESE,,ALAPRA ST MATHEWS MAR THOMA CHURCH,Alapra
RANNI - NILACKAL DIOCESE,,ANTHYALANCAVU SALEM MAR THOMA CHURCH,Anthiyalancavu
RANNI - NILACKAL DIOCESE,,ARAYANPARA SEHION MAR THOMA CHURCH,Kunnam-Vechoochira
RANNI - NILACKAL DIOCESE,,ATHYAL SALEM MAR THOMA CHURCH,Perumpetty
RANNI - NILACKAL DIOCESE,,ATTACHACKAL ST THOMAS MAR THOMA CHURCH,Attachakkal
RANNI - NILACKAL DIOCESE,,AYROOR CARMEL MAR THOMA CHURCH,Velliyara
RANNI - NILACKAL DIOCESE,,AYROOR CHAYAL MAR THOMA CHURCH,Ayroor Ayroor North
RANNI - NILACKAL DIOCESE,,AYROOR SALEM MAR THOMA CHURCH,Kottathoor
RANNI - NILACKAL DIOCESE,,AYROOR SEHION MAR THOMA CHURCH,Ayroor South
RANNI - NILACKAL DIOCESE,,CHATHENTHARA SHARON MAR THOMA CHURCH,Chathenhtara
RANNI - NILACKAL DIOCESE,,CHENGARA BETHEL MAR THOMA CHURCH,Chengara
RANNI - NILACKAL DIOCESE,,CHETHACKAL IMMANUEL MAR THOMA CHURCH,Pathanamthitta
RANNI - NILACKAL DIOCESE,,CHITTAR ST PAULS MAR THOMA CHURCH,Chittar
RANNI - NILACKAL DIOCESE,,CHUNKAPPARA ST THOMAS MAR THOMA CHURCH,Chunkappara Kottangal
RANNI - NILACKAL DIOCESE,,EDAKADATHI IMMANUEL MAR THOMA CHURCH,Edakadathy
RANNI - NILACKAL DIOCESE,,EDAKULAM BETHELHEM MAR THOMA CHURCH,Edakulam
RANNI - NILACKAL DIOCESE,,EDAMURY EBENEZER MAR THOMA CHURCH,Edamury Thompikandom
RANNI - NILACKAL DIOCESE,,EDAPPAVOOR BETHEL MAR THOMA CHURCH,Edappavoor
RANNI - NILACKAL DIOCESE,,EDAPPAVOOR ST THOMAS MAR THOMA CHURCH,Edappavoor
RANNI - NILACKAL DIOCESE,,ELANTHUR SALEM MAR THOMA CHURCH,
RANNI - NILACKAL DIOCESE,,EZHOLI SALEM MAR THOMA CHURCH,Nellikkamon
RANNI - NILACKAL DIOCESE,,GURUNATHANMANNU IMMANUEL MAR THOMA CHURCH,Gurunathanmannu
RANNI - NILACKAL DIOCESE,,KADAMMANITTA MAR THOMA CHURCH,Pathanamthitta
RANNI - NILACKAL DIOCESE,,KADAMMANITTA SALEM MAR THOMA CHURCH,Kadammanitta
RANNI - NILACKAL DIOCESE,,KAICHIRA IMMANUEL MAR THOMA CHURCH,Kaichira Ranny Perunad Pathanamthitta
RANNI - NILACKAL DIOCESE,,KALAMPALA IMMANUEL MAR THOMA CHURCH,Unnakavu
RANNI - NILACKAL DIOCESE,,KALAMPALA ST THOMAS MAR THOMA CHURCH,Ranny Pathanamthitta
RANNI - NILACKAL DIOCESE,,KALLELI ST THOMAS MAR THOMA CHURCH,Kallely
RANNI - NILACKAL DIOCESE,,KANAKAPALAM JERUSALEM MAR THOMA CHURCH,Kanakappalam
RANNI - NILACKAL DIOCESE,,KANDENPEROOR ST PAULS MAR THOMA CHURCH,Kariamplavu
RANNI - NILACKAL DIOCESE,,KANJEETTUKARA JUBILEE MEMORIAL MAR THOMA CHURCH,Kanjeettukara
RANNI - NILACKAL DIOCESE,,KAPPAKKADU JERUSALEM MAR THOMA CHURCH,Ranny Perunadu
RANNI - NILACKAL DIOCESE,,KARIKKATOOR ST THOMAS MAR THOMA CHURCH,Karikkattoor Centre
RANNI - NILACKAL DIOCESE,,"KARIKKULAM ST JOHNS MAR THOMA CHURCH,",Karikulam
RANNI - NILACKAL DIOCESE,,KARIMKUTTICKAL SALEM MAR THOMA CHURCH,Kumplampoika
RANNI - NILACKAL DIOCESE,,KARIMKUTTICKAL TRINITY MAR THOMA CHURCH,Vadakkupuram
RANNI - NILACKAL DIOCESE,,KARIMPANAMKUZHY ST ANDREWS MAR THOMA CHURCH,Cherukulanji
RANNI - NILACKAL DIOCESE,,KATTIKKALARUVI ST PAULS MAR THOMA CHURCH,Madanthamon Naranammoozhy
RANNI - NILACKAL DIOCESE,,"KATTIKUZHI EBEN-EZER, KOKKATHODU",Kokkathode
RANNI - NILACKAL DIOCESE,,KEEKOZHOOR EAST IMMANUEL MAR THOMA CHURCH,Keekozhur
RANNI - NILACKAL DIOCESE,,KEEKOZHOOR MAR THOMA CHURCH,Keekozhoor
RANNI - NILACKAL DIOCESE,,KOCHUKOIKAL ST THOMAS MAR THOMA CHURCH,Kochukoickal
RANNI - NILACKAL DIOCESE,,KOCHUKOIKAL TRINITY MAR THOMA CHURCH,Kochukoickal
RANNI - NILACKAL DIOCESE,,KONNAPPARA SALEM MAR THOMA CHURCH,Athumpumkulam
RANNI - NILACKAL DIOCESE,,KONNI ARUVAPPULAM THABORE MAR THOMA CHURCH,Aruvapulam
RANNI - NILACKAL DIOCESE,,KONNI EMMANUEL MAR THOMA CHURCH,Kummannoor
RANNI - NILACKAL DIOCESE,,KONNY JERUSALEM MAR THOMA CHURCH,Konny
RANNI - NILACKAL DIOCESE,,KOOTHATTUKULAM SALEM MAR THOMA CHURCH,Chittar
RANNI - NILACKAL DIOCESE,,KOTTAMONPARA BETHEL MAR THOMA CHURCH,Angamoozhy
RANNI - NILACKAL DIOCESE,,KOTTANAD TRINITY MAR THOMA CHURCH,Pathanamthitta
RANNI - NILACKAL DIOCESE,,KRIPAPURAM ST THOMAS MAR THOMA CHURCH,Pathanamthitta
RANNI - NILACKAL DIOCESE,,KULAMAMKUZHY ST ANDREWS MAR THOMA CHURCH,Vechoochira
RANNI - NILACKAL DIOCESE,,KUMBAZHA BETHEL MAR THOMA CHURCH,Kumbazha
RANNI - NILACKAL DIOCESE,,KUMPALAMTHANAM ST JOHNS MAR THOMA CHURCH,Theodical
RANNI - NILACKAL DIOCESE,,KUMPLAMPOIKA SALEM MAR THOMA CHURCH,Kumplampoika
RANNI - NILACKAL DIOCESE,,MALAYALAPUZHA ST THOMAS MAR THOMA CHURCH,Thazhom
RANNI - NILACKAL DIOCESE,,MALLASSERRY BETHLEHEM MAR THOMA CHURCH,Mallasserry
RANNI - NILACKAL DIOCESE,,MANNAMARUTHI BETHEL MAR THOMA CHURCH,Mannamaruthy
RANNI - NILACKAL DIOCESE,,MANNARATHARA BETHLEHEM MAR THOMA CHURCH,Eettichuvadu
RANNI - NILACKAL DIOCESE,,MANNIRA SALEM MAR THOMA CHURCH,Manneera
RANNI - NILACKAL DIOCESE,,MEKOZHOOR TRINITY MAR THOMA CHURCH,Mekozhoor
RANNI - NILACKAL DIOCESE,,MELELBHAGOM BETHEL MAR THOMA CHURCH,Elanthur East
RANNI - NILACKAL DIOCESE,,METHANAM EBEN EZER MAR THOMA CHURCH,Chalappally
RANNI - NILACKAL DIOCESE,,MONPILAVU BETHELEHEM MAR THOMA CHURCH,Nellupilavu
RANNI - NILACKAL DIOCESE,,MOONNUKALLU ZION MAR THOMA CHURCH,Kottamonpara
RANNI - NILACKAL DIOCESE,,MOTHIRAVAYAL BETHEL MAR THOMA CHURCH,Karikulam
RANNI - NILACKAL DIOCESE,,MUKKADA HEBRON MAR THOMA CHURCH,Mukkada
RANNI - NILACKAL DIOCESE,,MUKKUTTOOTHARA ASCENSION MAR THOMA CHURCH,Mukkoottuthara
RANNI - NILACKAL DIOCESE,,MUNDACKAL EMMANUEL MAR THOMA CHURCH,Malayalapuzha Eram
RANNI - NILACKAL DIOCESE,,MUTHUPEZHUMKAL ST THOMAS MAR THOMA CHURCH KONNY,Muthupezhumkal
RANNI - NILACKAL DIOCESE,,MUTTAPALLY IMMANUEL MAR THOMA CHURCH,Thulappally
RANNI - NILACKAL DIOCESE,,MYLAPRA SALEM MAR THOMA CHURCH,Mylapra
RANNI - NILACKAL DIOCESE,,NARANAMOOZHI NILACKEL MAR THOMA CHURCH,Naranamuzhy
RANNI - NILACKAL DIOCESE,,NARANAMOOZHI ST THOMAS MAR THOMA CHURCH,Kakodimon
RANNI - NILACKAL DIOCESE,,NARANGANAM ST THOMAS MAR THOMA CHURCH,Naranganam
RANNI - NILACKAL DIOCESE,,NEERATTUKAVU SALEM MAR THOMA CHURCH,Kakkudumon
RANNI - NILACKAL DIOCESE,,NIRMALAPURAM ST ANDREWS MAR THOMA CHURCH,Chunkappara
RANNI - NILACKAL DIOCESE,,NJAKKUKAVU ST THOMAS MAR THOMA CHURCH,Vellappara
RANNI - NILACKAL DIOCESE,,NJALLOOR SANTHOM MAR THOMA CHURCH,Athumpumkulam
RANNI - NILACKAL DIOCESE,,OMALLOOR MAR THOMA CHURCH,Omalloor
RANNI - NILACKAL DIOCESE,,OOTTUPARA BETHEL MAR THOMA CHURCH,Oottupara
RANNI - NILACKAL DIOCESE,,"OREKAR IMMANUEL MAR THOMA CHURCH, KOKKATHODU",Kokkathodu
RANNI - NILACKAL DIOCESE,,PARIYARAM ST PAULS MAR THOMA CHURCH,Pariyaram
RANNI - NILACKAL DIOCESE,,PATHANAMTHITTA MAR THOMA CHURCH,Pathanamthitta P.O. Kerala
RANNI - NILACKAL DIOCESE,,PAYYANAMON ST ANDREWS MAR THOMA CHURCH,Pathanamthitta
RANNI - NILACKAL DIOCESE,,PAZHAVANGADIKARA IMMANUEL MAR THOMA CHURCH,Pazhavangadi (Ranni
RANNI - NILACKAL DIOCESE,,PERUMPETTY JERUSALEM MAR THOMA CHURCH,Perumpetty
RANNI - NILACKAL DIOCESE,,PERUNADU BETHEL MAR THOMA CHURCH,Perunadu Ranny Perunad
RANNI - NILACKAL DIOCESE,,PERUVAYAL BETHEL MAR THOMA CHURCH,Peruvayal
RANNI - NILACKAL DIOCESE,,PLAVELINIRAVU SALEM MAR THOMA CHURCH,Erumely
RANNI - NILACKAL DIOCESE,,POOVANMALA ST THOMAS MAR THOMA CHURCH,Poovanmala Ranny Pathanamthitta
RANNI - NILACKAL DIOCESE,,POOVANPARA SALEM MAR THOMA CHURCH,Konni
RANNI - NILACKAL DIOCESE,,PUTHENPEEDIKA ST THOMAS MAR THOMA CHURCH,Kodumthara
RANNI - NILACKAL DIOCESE,,PUTHUKULAM EBENEZER MAR THOMA CHURCH,Malayalapuzha Eram
RANNI - NILACKAL DIOCESE,,PUTHUSERIMALA BETHEL MAR THOMA CHURCH,Puthusserimala
RANNI - NILACKAL DIOCESE,,RANNI CHRISTOS MAR THOMA CHURCH,Nellickamon
RANNI - NILACKAL DIOCESE,,RANNI NAZARETH MAR THOMA CHURCH,Ettichuvadu
RANNI - NILACKAL DIOCESE,,RANNI VAIKOM MAR THOMA CHURCH,Mandiram P O Ranny
RANNI - NILACKAL DIOCESE,,SEETHATHODE EBENEZER MAR THOMA CHURCH,Seethathodu
RANNI - NILACKAL DIOCESE,,THADIYOOR BETHEL MAR THOMA CHURCH,Thadiyoor
RANNI - NILACKAL DIOCESE,,THALACHIRA BETHEL MAR THOMA CHURCH,Thalachira Kumplampoika
RANNI - NILACKAL DIOCESE,,THANNITHODE BETHEL MAR THOMA CHURCH,Thannithode
RANNI - NILACKAL DIOCESE,,THEKKUMMALA ST PETERS MAR THOMA CHURCH,Kumplampoika
RANNI - NILACKAL DIOCESE,,THEKKUTHODE ST THOMAS MAR THOMA CHURCH,Thekkuthode
RANNI - NILACKAL DIOCESE,,THOMPIKANDAM ST PAULS MAR THOMA CHURCH,Thompikandom
RANNI - NILACKAL DIOCESE,,THONIKADAVU CHRISTOS MAR THOMA CHURCH,Ranny Pathanamthitta
RANNI - NILACKAL DIOCESE,,THONNIAMALA ST THOMAS MAR THOMA CHURCH,Thonniamala
RANNI - NILACKAL DIOCESE,,THULAPPALLY ST THOMAS MAR THOMA CHURCH,Thulappally
RANNI - NILACKAL DIOCESE,,UTHIMOODU MAR THOMA CHURCH,Pathanamthitta
RANNI - NILACKAL DIOCESE,,VADAKKUPURAM SALEM MAR THOMA CHURCH,Vadakkupuram
RANNI - NILACKAL DIOCESE,,VADASERIKARA CARMEL MAR THOMA CHURCH,Pathanamthitta
RANNI - NILACKAL DIOCESE,,VADASERIKARA ST ANDREWS MAR THOMA CHURCH,Vadasserikkara
RANNI - NILACKAL DIOCESE,,VADASERIKARA ST JOHNS MAR THOMA CHURCH,Vadasserikkara
RANNI - NILACKAL DIOCESE,,VADASERIKARA ST THOMAS MAR THOMA CHURCH,Vadaserikara
RANNI - NILACKAL DIOCESE,,VAKATHANAM EDAMON TABORE MAR THOMA CHURCH,Ranni Edamon
RANNI - NILACKAL DIOCESE,,VAKATHANAM ST PAULS MAR THOMA CHURCH,
RANNI - NILACKAL DIOCESE,,VAKAYAR CHRISTOSE MAR THOMA CHURCH,Vakayar
RANNI - NILACKAL DIOCESE,,VALIYAKAVU ST THOMAS MAR THOMA CHURCH,Valiyakavu
RANNI - NILACKAL DIOCESE,,VALIYAKUNNAM ST PAULS MAR THOMA CHURCH,Pathanamthitta
RANNI - NILACKAL DIOCESE,,VALLIKKODU KOTTAYAM EBENEZER MAR THOMA CHURCH,Vallikodu Kottayam Vallikkodu
RANNI - NILACKAL DIOCESE,,VALLIYANTHY JERUSALEM MAR THOMA CHURCH,Mumdukottakkal
RANNI - NILACKAL DIOCESE,,VARAVOOR BETHEL MAR THOMA CHURCH,Pulloopra
RANNI - NILACKAL DIOCESE,,VARIYAPURAM ST THOMAS MAR THOMA CHURCH,Churulikode
RANNI - NILACKAL DIOCESE,,VATTARKAYAM EBENEZER MAR THOMA CHURCH,Makkapuzha
RANNI - NILACKAL DIOCESE,,VAYALATHALA ST THOMAS MAR THOMA CHURCH,Vayalathala
RANNI - NILACKAL DIOCESE,,VAYYATTUPUZHA BETHEL MAR THOMA CHURCH,Vayyattupuzha
RANNI - NILACKAL DIOCESE,,VECHOOCHIRA ST JOHNS MAR THOMA CHURCH,Vechoochira
RANNI - NILACKAL DIOCESE,,VECHOOCHIRA ST THOMAS MAR THOMA CHURCH,Mannadisala
THIRUVANANTHAPURAM - KOLLAM DIOCESE,,ADUVALLY HEBRON MAR THOMA CHURCH,Mylakkara
THIRUVANANTHAPURAM - KOLLAM DIOCESE,,ANAKULAM EBENEZER MAR THOMA CHURCH,Anakulam
THIRUVANANTHAPURAM - KOLLAM DIOCESE,,ANAYARA ST THOMAS MAR THOMA CHURCH,Medical College
THIRUVANANTHAPURAM - KOLLAM DIOCESE,,ANCHAL JERUSALEM MAR THOMA CHURCH,Alayamon
THIRUVANANTHAPURAM - KOLLAM DIOCESE,,ANCHAL ST PAULS MAR THOMA CHURCH,Anchal
THIRUVANANTHAPURAM - KOLLAM DIOCESE,,ASHTAMUDY IMMANUEL MAR THOMA CHURCH,Ashtamudi
THIRUVANANTHAPURAM - KOLLAM DIOCESE,,AYLARA ST THOMAS MAR THOMA CHURCH,Ayilara
THIRUVANANTHAPURAM - KOLLAM DIOCESE,,AYUR SALEM MAR THOMA CHURCH,Ayur P.O. Kollam
THIRUVANANTHAPURAM - KOLLAM DIOCESE,,CHANDANAKAVU SALEM MAR THOMA CHURCH,Thinkalkarickam
THIRUVANANTHAPURAM - KOLLAM DIOCESE,,CHANNAPETTA BETHANY MAR THOMA CHURCH,Channappetta
THIRUVANANTHAPURAM - KOLLAM DIOCESE,,CHANTHAVILA ST PAULS MAR THOMA CHURCH,Thiruvananthapuram
THIRUVANANTHAPURAM - KOLLAM DIOCESE,,CHATHANNUR CHRISTOSE MAR THOMA CHURCH,Karamcodu
THIRUVANANTHAPURAM - KOLLAM DIOCESE,,CHIRAKUNNU JERUSALEM MAR THOMA CHURCH,Dalmughom
THIRUVANANTHAPURAM - KOLLAM DIOCESE,,DUBAI MAR THOMA CHURCH,Dubai
THIRUVANANTHAPURAM - KOLLAM DIOCESE,,ELAIKKODU BETHEL MAR THOMA CHURCH,Veeranakavu
THIRUVANANTHAPURAM - KOLLAM DIOCESE,,ELATHUNDU BETHEL MAR THOMA CHURCH,Kollam
THIRUVANANTHAPURAM - KOLLAM DIOCESE,,ERUTHAVOOR ST PAULS MAR THOMA CHURCH,Russelpuram
THIRUVANANTHAPURAM - KOLLAM DIOCESE,,EZHAMKULAM (TK) SALEM MAR THOMA CHURCH,Marthandamkara
THIRUVANANTHAPURAM - KOLLAM DIOCESE,,KAITHAKUZHY ST THOMAS MAR THOMA CHURCH,Kummalloor
THIRUVANANTHAPURAM - KOLLAM DIOCESE,,KALLUVATHUKKAL IMMANUEL MAR THOMA CHURCH,Karamcode
THIRUVANANTHAPURAM - KOLLAM DIOCESE,,KAMPAMCODU ALL SAINTS MAR THOMA CHURCH,Vayakkal
THIRUVANANTHAPURAM - KOLLAM DIOCESE,,KANDANCHIRA ST THOMAS MAR THOMA CHURCH,Kollam
THIRUVANANTHAPURAM - KOLLAM DIOCESE,,KANNAMPALLY SEHION MAR THOMA CHURCH,Kannampally Kurithrakulam
THIRUVANANTHAPURAM - KOLLAM DIOCESE,,"KARAMA TRINITY MAR THOMA CHURCH, DUBAI",Dubai
THIRUVANANTHAPURAM - KOLLAM DIOCESE,,KARIAMCODU ST THOMAS MAR THOMA CHURCH,Kattakkada
THIRUVANANTHAPURAM - KOLLAM DIOCESE,,KAVUVILA SALEM MAR THOMA CHURCH,Neyyattinkara
THIRUVANANTHAPURAM - KOLLAM DIOCESE,,KAZHAKKOOTTAM BETHEL MAR THOMA CHURCH,India
THIRUVANANTHAPURAM - KOLLAM DIOCESE,,KODINJAL ST THOMAS MAR THOMA CHURCH,Ozhuvuparackal
THIRUVANANTHAPURAM - KOLLAM DIOCESE,,KOLLAI SALEM MAR THOMA CHURCH,Amaravilla
THIRUVANANTHAPURAM - KOLLAM DIOCESE,,KOLLAM ST THOMAS MAR THOMA CHURCH,Kollam Thevally
THIRUVANANTHAPURAM - KOLLAM DIOCESE,,KONNIYOOR BETHEL MAR THOMA CHURCH,Punalal
THIRUVANANTHAPURAM - KOLLAM DIOCESE,,KORANAMKODE BETHEL MAR THOMA CHURCH,Kunnathukal
THIRUVANANTHAPURAM - KOLLAM DIOCESE,,KOVILLOOR SALEM MAR THOMA CHURCH,Kudappanamoodu
THIRUVANANTHAPURAM - KOLLAM DIOCESE,,KULASEKHARAM ST THOMAS MAR THOMA CHURCH,Kulasekharam
THIRUVANANTHAPURAM - KOLLAM DIOCESE,,KULATHOOR IMMANUEL MAR THOMA CHURCH,
THIRUVANANTHAPURAM - KOLLAM DIOCESE,,KULATHUMMAL IMMANUEL MAR THOMA CHURCH,Kattakada
THIRUVANANTHAPURAM - KOLLAM DIOCESE,,KULATHUPUZHA ST THOMAS MAR THOMA CHURCH,Kulathupuzha
THIRUVANANTHAPURAM - KOLLAM DIOCESE,,KUNNATHUKAL BETHEL MAR THOMA CHURCH,Kunnathukal
THIRUVANANTHAPURAM - KOLLAM DIOCESE,,KUTTAMALA IMMANUEL,Kuttamala
THIRUVANANTHAPURAM - KOLLAM DIOCESE,,KUTTICHAL SALEM MAR THOMA CHURCH,Kattakkada
THIRUVANANTHAPURAM - KOLLAM DIOCESE,,MALAPEROOR IMMANUEL MAR THOMA CHURCH,Manjappara
THIRUVANANTHAPURAM - KOLLAM DIOCESE,,MANAKODU ST THOMAS MAR THOMA CHURCH,Channapetta
THIRUVANANTHAPURAM - KOLLAM DIOCESE,,MANCHAVILAKOM JERUSALEM MAR THOMA CHURCH,Manchavilakom
THIRUVANANTHAPURAM - KOLLAM DIOCESE,,MANJALUMMOODU HEBRON MAR THOMA CHURCH,Manjalummodu
THIRUVANANTHAPURAM - KOLLAM DIOCESE,,MANNUR SALEM MAR THOMA CHURCH,Mannoor
THIRUVANANTHAPURAM - KOLLAM DIOCESE,,MARAKULAM ST THOMAS MAR THOMA CHURCH,Aduthala
THIRUVANANTHAPURAM - KOLLAM DIOCESE,,MARIAPURAM ST JOHNS MAR THOMA CHURCH,Mariyapuram
THIRUVANANTHAPURAM - KOLLAM DIOCESE,,MATHAIMUKKU IMMANUEL MAR THOMA CHURCH,Kollam
THIRUVANANTHAPURAM - KOLLAM DIOCESE,,MELPALA ST THOMAS MAR THOMA CHURCH,Meppalai
THIRUVANANTHAPURAM - KOLLAM DIOCESE,,MEZHACODE EBENEZER MAR THOMA CHURCH,Vellachippara
THIRUVANANTHAPURAM - KOLLAM DIOCESE,,MUDAVOORPARA IMMANUEL MAR THOMA CHURCH,Bhagavathinada
THIRUVANANTHAPURAM - KOLLAM DIOCESE,,MUKKOLAKKAL BETHEL MAR THOMA CHURCH,Mukkolackal
THIRUVANANTHAPURAM - KOLLAM DIOCESE,,MYLACHEL SALEM MAR THOMA CHURCH,Kattakkada
THIRUVANANTHAPURAM - KOLLAM DIOCESE,,NAGARCOIL MAR THOMA CHURCH,Kulasekharam
THIRUVANANTHAPURAM - KOLLAM DIOCESE,,NANTHANCODE JERUSALEM MAR THOMA CHURCH,Kowdiar
THIRUVANANTHAPURAM - KOLLAM DIOCESE,,NEYYAR DAM TRINITY (KALLIKADU) MAR THOMA CHURCH,Kallikkad Neyyar Dam
THIRUVANANTHAPURAM - KOLLAM DIOCESE,,PALOTTUKONAM BETHEL MAR THOMA CHURCH,Ottasekharamangalam
THIRUVANANTHAPURAM - KOLLAM DIOCESE,,PARAMCODU HOLY TRINITY MAR THOMA CHURCH,Paramcodu Vengoor
THIRUVANANTHAPURAM - KOLLAM DIOCESE,,PARUTHIPPARA IMMANUEL MAR THOMA CHURCH,Nalanchira
THIRUVANANTHAPURAM - KOLLAM DIOCESE,,PATTATHANAM ST JOHNS MAR THOMA CHURCH,Pattathanam
THIRUVANANTHAPURAM - KOLLAM DIOCESE,,PAZHAYEROOR BETHEL MAR THOMA CHURCH,Pazhayeroor
THIRUVANANTHAPURAM - KOLLAM DIOCESE,,"PERINAD MAR THOMA CHURCH, INCHAVILA",Inchavila
THIRUVANANTHAPURAM - KOLLAM DIOCESE,,PERINAD ST THOMAS MAR THOMA CHURCH,Panayam
THIRUVANANTHAPURAM - KOLLAM DIOCESE,,PERINGALAM BETHEL MAR THOMA CHURCH,Peringalam
THIRUVANANTHAPURAM - KOLLAM DIOCESE,,PERINGALLOOR MAR THOMA CHURCH,Peringalloor P O Ayoor
THIRUVANANTHAPURAM - KOLLAM DIOCESE,,PEROORKADA EBENEZER MAR THOMA CHURCH,Perurkada
THIRUVANANTHAPURAM - KOLLAM DIOCESE,,PONNUMANGALAM MAR THOMA CHURCH,Ponnumangalam Sainik School
THIRUVANANTHAPURAM - KOLLAM DIOCESE,,POOVACHAL EBENEZER MAR THOMA CHURCH,Trivandrum
THIRUVANANTHAPURAM - KOLLAM DIOCESE,,POOVAR ST PETERS MAR THOMA CHURCH,Puthiyathura
THIRUVANANTHAPURAM - KOLLAM DIOCESE,,PUNCHAKKIRI CHRISTOS MAR THOMA CHURCH,Mannanthala
THIRUVANANTHAPURAM - KOLLAM DIOCESE,,SREEKARYAM BETHEL MAR THOMA CHURCH,Sreekaryam
THIRUVANANTHAPURAM - KOLLAM DIOCESE,,THETTIVILA ZION MAR THOMA CHURCH,Kanyakumari
THIRUVANANTHAPURAM - KOLLAM DIOCESE,,THEVANCODE BETHEL MAR THOMA CHURCH,Thevancodu Kattakkada
THIRUVANANTHAPURAM - KOLLAM DIOCESE,,THINKALKARIKKOM MAR THOMA CHURCH,Thinkalkarickom
THIRUVANANTHAPURAM - KOLLAM DIOCESE,,TRINITY MAR THOMA CHURCH,
THIRUVANANTHAPURAM - KOLLAM DIOCESE,,TRIVANDRUM ST THOMAS (PATTOOR) MAR THOMA CHURCH,Vanchiyoor
THIRUVANANTHAPURAM - KOLLAM DIOCESE,,TRIVANDRUM TRINITY (MEDICAL COLLEGE) MAR THOMA CHURCH,Medical College
THIRUVANANTHAPURAM - KOLLAM DIOCESE,,VANDANNOOR CARMEL MAR THOMA CHURCH,Neyattinkara
THIRUVANANTHAPURAM - KOLLAM DIOCESE,,VATTAPARAMBU HOREB MAR THOMA CHURCH,Ottasekharamangalam
THIRUVANANTHAPURAM - KOLLAM DIOCESE,,VATTIYOORKAVU ST PAULS MAR THOMA CHURCH,Thiruvanthapuram
THIRUVANANTHAPURAM - KOLLAM DIOCESE,,VAYAKKAL ST THOMAS MAR THOMA CHURCH,Vayakal
THIRUVANANTHAPURAM - KOLLAM DIOCESE,,VAZHUTHACADU SALEM MAR THOMA CHURCH,Thycaud H O
THIRUVANANTHAPURAM - KOLLAM DIOCESE,,VAZHUTHOOR MAR THOMA CHURCH,Neyyattinkara
THIRUVANANTHAPURAM - KOLLAM DIOCESE,,VEERANAKAVU CARMEL MAR THOMA CHURCH,Veeranakavu
THIRUVANANTHAPURAM - KOLLAM DIOCESE,,VELLAPALLY ST PETERS MAR THOMA CHURCH,Naruvamoodu
THIRUVANANTHAPURAM - KOLLAM DIOCESE,,VENGODU ST. STEPHENS MAR THOMA CHURCH,Trivandrum
THIRUVANANTHAPURAM - KOLLAM DIOCESE,,VILAKKUPARA ST PETERS MAR THOMA CHURCH,Vilakkupara
THIRUVANANTHAPURAM - KOLLAM DIOCESE,,VILLUCHARY BETHEL MAR THOMA CHURCH,Kottoor
UK - EUROPE - AFRICA DIOCESE,,BEDFORD BETHEL MARTHOMA CHURCH,Bedford
UK - EUROPE - AFRICA DIOCESE,,BELFAST TRINTITY MAR THOMA CHURCH,Belfast
UK - EUROPE - AFRICA DIOCESE,,BRISTOL ST THOMAS MAR THOMA CHURCH,Bristol
UK - EUROPE - AFRICA DIOCESE,,CANTERBURY MAR THOMA CHURCH,Kent
UK - EUROPE - AFRICA DIOCESE,,CARDIFF IMMANUEL MAR THOMA CHURCH,Cardiff
UK - EUROPE - AFRICA DIOCESE,,CORK CHRISTOS MAR THOMA CHURCH MAR THOMA,
UK - EUROPE - AFRICA DIOCESE,,DUBLIN NAZARETH MAR THOMA CHURCH,
UK - EUROPE - AFRICA DIOCESE,,DUBLIN SOUTH EBENEZER MAR THOMA CHURCH,Dublin South
UK - EUROPE - AFRICA DIOCESE,,EAST AREA ST PETERS MAR THOMA CHURCH,London
UK - EUROPE - AFRICA DIOCESE,,EDINBURGH ST. ANDREWS MAR THOMA CHURCH,Scotland
UK - EUROPE - AFRICA DIOCESE,,GERMANY  ST. THOMAS MAR THOMA CHURCH,Iii Hagen
UK - EUROPE - AFRICA DIOCESE,,HULL & LINCOLNSHIRE  SEHION MAR THOMA CHURCH,Lincolnshire
UK - EUROPE - AFRICA DIOCESE,,LEEDS JERUSALEM MAR THOMA CHURCH,Leeds
UK - EUROPE - AFRICA DIOCESE,,LEICESTER ASCENSION MAR THOMA CHURCH,Leicester
UK - EUROPE - AFRICA DIOCESE,,LIVERPOOL CARMEL MAR THOMA CHURCH,Liverpool
UK - EUROPE - AFRICA DIOCESE,,LONDON ST JAMES MAR THOMA CHURCH,London
UK - EUROPE - AFRICA DIOCESE,,LONDON ST JOHNS MAR THOMA CHURCH,Middlesex
UK - EUROPE - AFRICA DIOCESE,,LONDON ST PETERS MAR THOMA CHURCH,London
UK - EUROPE - AFRICA DIOCESE,,MANCHESTER TABORE MAR THOMA CHURCH,U K
UK - EUROPE - AFRICA DIOCESE,,MIDLAND HERMON (BIRMINGHAM) MAR THOMA CHURCH,B92 8pe
UK - EUROPE - AFRICA DIOCESE,,NEWCASTLE CHRISTOS MAR THOMA CHURCH,New Castle
UK - EUROPE - AFRICA DIOCESE,,NORTH LONDON SINAI MAR THOMA CHURCH,London
UK - EUROPE - AFRICA DIOCESE,,NOTTINGHAM HOLY TRINITY MAR THOMA CHURCH,Ng8â 2sj
UK - EUROPE - AFRICA DIOCESE,,PETERBOROUGH ALL SAINTS MAR THOMA CHURCH,Peterborough
UK - EUROPE - AFRICA DIOCESE,,SOUTH AFRICA IMMANUEL MAR THOMA CHURCH,Pretoria 0035
UK - EUROPE - AFRICA DIOCESE,,SOUTHAMPTON SALEM MAR THOMA CHURCH,Southampton
UK - EUROPE - AFRICA DIOCESE,,TAUNTON MAR THOMA CHURCH,
